id,first_name,last_name,email,education,occupation,years_of_experience,monthly_salary
0,Victoria,Perkins,v.perkins@randatmail.com,Upper secondary,Insurer,3,6908
1,Martin,Barrett,m.barrett@randatmail.com,Upper secondary,Geologist,12,4004
2,Owen,Campbell,o.campbell@randatmail.com,Primary,Carpenter,11,5017
3,Jenna,Kelley,j.kelley@randatmail.com,Doctoral,Veterinarian,2,5773
4,Eddy,Moore,e.moore@randatmail.com,Upper secondary,Teacher,0,1646
5,Amy,Wright,a.wright@randatmail.com,Bachelor,Dancer,4,5777
6,David,Jones,d.jones@randatmail.com,Master,Medic,3,6848
7,Dale,Wells,d.wells@randatmail.com,Master,Interpreter,7,7984
8,Arianna,Chapman,a.chapman@randatmail.com,Bachelor,Meteorologist,7,6980
9,Tiana,Brown,t.brown@randatmail.com,Bachelor,Lecturer,6,7338
10,Adrian,Henderson,a.henderson@randatmail.com,Primary,Manager,7,3036
11,Chelsea,Mason,c.mason@randatmail.com,Bachelor,Florist,11,6379
12,Kelsey,Baker,k.baker@randatmail.com,Lower secondary,Jeweller,8,8068
13,Savana,Myers,s.myers@randatmail.com,Bachelor,Scientist,2,3419
14,Michael,Watson,m.watson@randatmail.com,Doctoral,Composer,11,6680
15,Nicole,Barrett,n.barrett@randatmail.com,Master,Baker,6,4239
16,Lucas,Crawford,l.crawford@randatmail.com,Doctoral,Scientist,3,4147
17,Honey,Holmes,h.holmes@randatmail.com,Doctoral,Journalist,11,5835
18,Edwin,Douglas,e.douglas@randatmail.com,Bachelor,Lecturer,0,3861
19,Aston,Richards,a.richards@randatmail.com,Lower secondary,Pharmacist,2,7690
20,April,Riley,a.riley@randatmail.com,Upper secondary,Astronomer,8,5379
21,Henry,Ross,h.ross@randatmail.com,Doctoral,Scientist,2,2641
22,Honey,Brown,h.brown@randatmail.com,Lower secondary,Insurer,4,2976
23,Lyndon,Edwards,l.edwards@randatmail.com,Doctoral,Interior Designer,0,9477
24,Adrian,Evans,a.evans@randatmail.com,Lower secondary,Accountant,7,8183
25,William,Harper,w.harper@randatmail.com,Master,Archeologist,2,7556
26,Freddie,Campbell,f.campbell@randatmail.com,Doctoral,Driver,6,5308
27,Kimberly,Johnston,k.johnston@randatmail.com,Primary,Veterinarian,14,706
28,Ashton,Wells,a.wells@randatmail.com,Doctoral,Geologist,4,1585
29,Oscar,Edwards,o.edwards@randatmail.com,Doctoral,Mechanic,10,7766
30,Walter,Cooper,w.cooper@randatmail.com,Bachelor,Auditor,9,1703
31,Albert,Murphy,a.murphy@randatmail.com,Upper secondary,Astronomer,9,6364
32,Alissa,Holmes,a.holmes@randatmail.com,Primary,Accountant,3,7381
33,Olivia,West,o.west@randatmail.com,Upper secondary,Fashion Designer,3,5370
34,Carlos,Wright,c.wright@randatmail.com,Doctoral,Economist,6,9308
35,Dominik,Douglas,d.douglas@randatmail.com,Doctoral,Medic,6,2298
36,Edith,Adams,e.adams@randatmail.com,Lower secondary,Lawer,10,8317
37,Arianna,Higgins,a.higgins@randatmail.com,Upper secondary,Chef,5,8189
38,Tony,Cole,t.cole@randatmail.com,Master,Insurer,6,8138
39,Ellia,Stevens,e.stevens@randatmail.com,Bachelor,Singer,2,8197
40,Leonardo,Walker,l.walker@randatmail.com,Primary,Florist,8,2330
41,Vanessa,Robinson,v.robinson@randatmail.com,Lower secondary,Producer,2,9630
42,Amber,Adams,a.adams@randatmail.com,Primary,Fashion Designer,9,723
43,Jasmine,Howard,j.howard@randatmail.com,Upper secondary,Teacher,8,6143
44,Abigail,Myers,a.myers@randatmail.com,Upper secondary,Fine Artist,7,5465
45,James,Barrett,j.barrett@randatmail.com,Doctoral,Economist,6,5689
46,Eddy,Jones,e.jones@randatmail.com,Upper secondary,Composer,14,8444
47,Maria,Morris,m.morris@randatmail.com,Bachelor,Auditor,4,9292
48,Nicholas,Harrison,n.harrison@randatmail.com,Bachelor,Pharmacist,11,7116
49,Brianna,Spencer,b.spencer@randatmail.com,Primary,Historian,5,7985
50,Annabella,Holmes,a.holmes@randatmail.com,Upper secondary,Firefighter,4,5459
51,Adam,Murphy,a.murphy@randatmail.com,Upper secondary,Botanist,4,6630
52,Mike,Holmes,m.holmes@randatmail.com,Master,Driver,4,9162
53,Ryan,Higgins,r.higgins@randatmail.com,Upper secondary,Actor,12,7551
54,Florrie,Barrett,f.barrett@randatmail.com,Primary,Actor,4,4552
55,Miranda,West,m.west@randatmail.com,Master,Baker,9,8903
56,Melanie,Foster,m.foster@randatmail.com,Bachelor,Hairdresser,2,5425
57,Ashton,Allen,a.allen@randatmail.com,Doctoral,Lawer,6,2368
58,Chelsea,Grant,c.grant@randatmail.com,Upper secondary,Fine Artist,0,8247
59,Haris,Watson,h.watson@randatmail.com,Master,Accountant,5,924
60,Rebecca,Cunningham,r.cunningham@randatmail.com,Upper secondary,Police Officer,13,4485
61,Carina,Richardson,c.richardson@randatmail.com,Lower secondary,Auditor,9,1355
62,Anna,Barrett,a.barrett@randatmail.com,Lower secondary,Producer,4,2470
63,Michael,Wells,m.wells@randatmail.com,Primary,Interpreter,3,1631
64,Blake,Dixon,b.dixon@randatmail.com,Upper secondary,Auditor,5,6288
65,Wilson,Farrell,w.farrell@randatmail.com,Primary,Economist,3,5755
66,Spike,Russell,s.russell@randatmail.com,Upper secondary,Social Worker,8,6397
67,Thomas,Robinson,t.robinson@randatmail.com,Master,Mechanic,7,5974
68,Sofia,Hunt,s.hunt@randatmail.com,Lower secondary,Botanist,5,6144
69,Edith,Brooks,e.brooks@randatmail.com,Primary,Programmer,11,9730
70,Michael,Carter,m.carter@randatmail.com,Doctoral,Electrician,3,4764
71,Sarah,Ellis,s.ellis@randatmail.com,Master,Agronomist,0,2086
72,Lucia,Crawford,l.crawford@randatmail.com,Upper secondary,Lawer,5,8743
73,Lily,Alexander,l.alexander@randatmail.com,Lower secondary,Botanist,0,589
74,Garry,Stewart,g.stewart@randatmail.com,Upper secondary,Botanist,0,5237
75,Roland,Mitchell,r.mitchell@randatmail.com,Upper secondary,Mechanic,1,6129
76,Sarah,Craig,s.craig@randatmail.com,Doctoral,Singer,8,9596
77,Arthur,Walker,a.walker@randatmail.com,Upper secondary,Lawer,3,9660
78,Arianna,Smith,a.smith@randatmail.com,Doctoral,Lawer,8,6275
79,Clark,West,c.west@randatmail.com,Primary,Actor,6,9729
80,Paige,Sullivan,p.sullivan@randatmail.com,Master,Economist,9,5948
81,Amelia,Adams,a.adams@randatmail.com,Doctoral,Carpenter,4,4392
82,Paige,Hamilton,p.hamilton@randatmail.com,Lower secondary,Architect,5,6694
83,Sienna,Fowler,s.fowler@randatmail.com,Bachelor,Historian,8,8920
84,Alina,Wells,a.wells@randatmail.com,Master,Economist,1,4886
85,Elian,Myers,e.myers@randatmail.com,Doctoral,Fashion Designer,7,9053
86,Eddy,Gibson,e.gibson@randatmail.com,Doctoral,Accountant,4,9987
87,Miley,Evans,m.evans@randatmail.com,Upper secondary,Geologist,10,1621
88,Victoria,Higgins,v.higgins@randatmail.com,Master,Meteorologist,6,2423
89,Lucy,Morris,l.morris@randatmail.com,Primary,Photographer,0,8919
90,Maddie,Carter,m.carter@randatmail.com,Primary,Social Worker,0,3215
91,Vivian,Miller,v.miller@randatmail.com,Lower secondary,Hairdresser,2,4632
92,Agata,Allen,a.allen@randatmail.com,Primary,Actor,1,9820
93,Ted,West,t.west@randatmail.com,Doctoral,Dancer,7,3774
94,Eddy,West,e.west@randatmail.com,Lower secondary,Biochemist,1,3703
95,Naomi,Kelley,n.kelley@randatmail.com,Lower secondary,Carpenter,10,2520
96,April,Perkins,a.perkins@randatmail.com,Lower secondary,Florist,1,9528
97,Vivian,Wells,v.wells@randatmail.com,Lower secondary,Fine Artist,4,3513
98,Steven,Richardson,s.richardson@randatmail.com,Upper secondary,Physicist,1,3215
99,Alfred,Anderson,a.anderson@randatmail.com,Doctoral,Physicist,6,7683
100,Annabella,Turner,a.turner@randatmail.com,Upper secondary,Teacher,9,6176
101,Reid,Cunningham,r.cunningham@randatmail.com,Master,Architect,0,2294
102,Alford,Armstrong,a.armstrong@randatmail.com,Bachelor,Teacher,0,4156
103,Nicholas,Reed,n.reed@randatmail.com,Master,Social Worker,9,3703
104,Annabella,Farrell,a.farrell@randatmail.com,Doctoral,Dancer,2,3952
105,Chester,Brooks,c.brooks@randatmail.com,Bachelor,Aeroplane Pilot,10,4378
106,Belinda,Ellis,b.ellis@randatmail.com,Bachelor,Aeroplane Pilot,11,2756
107,Reid,Barrett,r.barrett@randatmail.com,Lower secondary,Scientist,12,2297
108,Rosie,Russell,r.russell@randatmail.com,Master,Manager,10,9420
109,Nicole,Rogers,n.rogers@randatmail.com,Bachelor,Lecturer,2,7137
110,Alan,Carroll,a.carroll@randatmail.com,Bachelor,Singer,2,8281
111,Vivian,Martin,v.martin@randatmail.com,Lower secondary,Salesman,5,6763
112,Rafael,Wright,r.wright@randatmail.com,Bachelor,Mechanic,8,838
113,Darcy,Evans,d.evans@randatmail.com,Master,Interior Designer,2,4415
114,Chester,Cunningham,c.cunningham@randatmail.com,Bachelor,Cook,13,4609
115,Sydney,Stewart,s.stewart@randatmail.com,Lower secondary,Police Officer,7,8669
116,Paul,Thompson,p.thompson@randatmail.com,Primary,Journalist,1,6266
117,Alissa,Johnson,a.johnson@randatmail.com,Master,Interpreter,0,3913
118,Eleanor,Henderson,e.henderson@randatmail.com,Bachelor,Astronomer,8,5144
119,Amelia,Martin,a.martin@randatmail.com,Primary,Engineer,4,2159
120,John,Scott,j.scott@randatmail.com,Master,Insurer,5,5002
121,April,Murphy,a.murphy@randatmail.com,Master,Programmer,7,5809
122,Daryl,Morgan,d.morgan@randatmail.com,Primary,Astronomer,8,3198
123,Tiana,Crawford,t.crawford@randatmail.com,Bachelor,Composer,3,6056
124,Victoria,Russell,v.russell@randatmail.com,Lower secondary,Medic,6,7575
125,Kate,Richardson,k.richardson@randatmail.com,Upper secondary,Medic,6,9480
126,Frederick,Bailey,f.bailey@randatmail.com,Doctoral,Meteorologist,5,4855
127,Naomi,Cole,n.cole@randatmail.com,Master,Carpenter,1,9863
128,Charlotte,Roberts,c.roberts@randatmail.com,Lower secondary,Economist,1,2528
129,Amelia,Chapman,a.chapman@randatmail.com,Upper secondary,Programmer,10,5458
130,Garry,Davis,g.davis@randatmail.com,Upper secondary,Agronomist,12,3335
131,Elise,Sullivan,e.sullivan@randatmail.com,Doctoral,Botanist,7,1247
132,Carlos,Hunt,c.hunt@randatmail.com,Lower secondary,Meteorologist,10,3050
133,Daisy,Tucker,d.tucker@randatmail.com,Lower secondary,Electrician,8,1870
134,Connie,Farrell,c.farrell@randatmail.com,Lower secondary,Botanist,9,8905
135,Adele,Craig,a.craig@randatmail.com,Lower secondary,Astronomer,5,6862
136,Valeria,Johnston,v.johnston@randatmail.com,Primary,Dancer,4,3386
137,Violet,Johnston,v.johnston@randatmail.com,Primary,Architect,7,9254
138,Lily,Hunt,l.hunt@randatmail.com,Bachelor,Hairdresser,8,9092
139,Frederick,Perry,f.perry@randatmail.com,Upper secondary,Accountant,9,2235
140,Derek,Bennett,d.bennett@randatmail.com,Primary,Florist,12,3142
141,Maya,Armstrong,m.armstrong@randatmail.com,Upper secondary,Historian,11,4340
142,Luke,Bailey,l.bailey@randatmail.com,Master,Graphic Designer,7,8655
143,Dainton,Barnes,d.barnes@randatmail.com,Upper secondary,Graphic Designer,15,3722
144,Lucas,Williams,l.williams@randatmail.com,Primary,Florist,10,1974
145,Adrianna,Taylor,a.taylor@randatmail.com,Master,Veterinarian,9,1969
146,Luke,Johnson,l.johnson@randatmail.com,Bachelor,Programmer,8,9349
147,Antony,Russell,a.russell@randatmail.com,Master,Archeologist,8,5920
148,Henry,Anderson,h.anderson@randatmail.com,Primary,Florist,4,1984
149,Dale,Chapman,d.chapman@randatmail.com,Bachelor,Fine Artist,5,8895
150,Ellia,Holmes,e.holmes@randatmail.com,Upper secondary,Social Worker,10,7715
151,Deanna,Cole,d.cole@randatmail.com,Bachelor,Electrician,8,5837
152,Haris,Montgomery,h.montgomery@randatmail.com,Doctoral,Chemist,1,7249
153,Grace,Parker,g.parker@randatmail.com,Lower secondary,Economist,4,5038
154,Clark,Russell,c.russell@randatmail.com,Master,Historian,7,1263
155,Tiana,Douglas,t.douglas@randatmail.com,Primary,Astronomer,3,3230
156,Byron,Murray,b.murray@randatmail.com,Bachelor,Social Worker,3,8836
157,Arnold,Andrews,a.andrews@randatmail.com,Doctoral,Florist,12,6568
158,Annabella,Myers,a.myers@randatmail.com,Lower secondary,Jeweller,7,1689
159,Ned,Harrison,n.harrison@randatmail.com,Lower secondary,Dancer,9,8565
160,April,Nelson,a.nelson@randatmail.com,Master,Social Worker,2,9886
161,Carina,Moore,c.moore@randatmail.com,Primary,Chemist,4,6981
162,Richard,Alexander,r.alexander@randatmail.com,Upper secondary,Physicist,5,5560
163,Darcy,Murray,d.murray@randatmail.com,Primary,Pharmacist,0,8608
164,Vincent,Robinson,v.robinson@randatmail.com,Primary,Mechanic,9,6111
165,Kirsten,Thomas,k.thomas@randatmail.com,Bachelor,Florist,0,7267
166,Aida,Richards,a.richards@randatmail.com,Master,Mathematician,10,9065
167,Victor,Barrett,v.barrett@randatmail.com,Lower secondary,Firefighter,4,1205
168,Ted,Martin,t.martin@randatmail.com,Lower secondary,Manager,7,3346
169,Aiden,Andrews,a.andrews@randatmail.com,Master,Police Officer,4,5652
170,Adrianna,Wilson,a.wilson@randatmail.com,Doctoral,Interpreter,8,3786
171,Jenna,Smith,j.smith@randatmail.com,Lower secondary,Medic,4,2371
172,Catherine,Douglas,c.douglas@randatmail.com,Master,Producer,3,7183
173,Marcus,Henderson,m.henderson@randatmail.com,Doctoral,Physicist,0,5756
174,Clark,Harper,c.harper@randatmail.com,Primary,Astronomer,2,2735
175,Catherine,Henderson,c.henderson@randatmail.com,Upper secondary,Cook,1,6981
176,Harold,Harper,h.harper@randatmail.com,Lower secondary,Auditor,5,3113
177,Caroline,Walker,c.walker@randatmail.com,Upper secondary,Mechanic,8,1660
178,Lana,Harrison,l.harrison@randatmail.com,Master,Teacher,10,8802
179,Julia,Henderson,j.henderson@randatmail.com,Lower secondary,Producer,2,7148
180,Florrie,Roberts,f.roberts@randatmail.com,Lower secondary,Astronomer,11,5512
181,Abigail,Barrett,a.barrett@randatmail.com,Lower secondary,Pharmacist,5,1993
182,Myra,Hamilton,m.hamilton@randatmail.com,Doctoral,Chemist,13,7128
183,Savana,Reed,s.reed@randatmail.com,Lower secondary,Chemist,1,6278
184,Kate,Miller,k.miller@randatmail.com,Doctoral,Insurer,8,5170
185,Ryan,Cole,r.cole@randatmail.com,Doctoral,Carpenter,11,6640
186,Dainton,Scott,d.scott@randatmail.com,Upper secondary,Architect,10,4122
187,Cherry,Craig,c.craig@randatmail.com,Doctoral,Archeologist,6,8659
188,Frederick,Johnston,f.johnston@randatmail.com,Upper secondary,Aeroplane Pilot,3,7447
189,Kimberly,Alexander,k.alexander@randatmail.com,Master,Mathematician,3,8957
190,Chester,Baker,c.baker@randatmail.com,Bachelor,Aeroplane Pilot,0,843
191,Jack,Anderson,j.anderson@randatmail.com,Master,Police Officer,4,5184
192,Walter,Riley,w.riley@randatmail.com,Doctoral,Fine Artist,15,7565
193,Alexander,Turner,a.turner@randatmail.com,Primary,Police Officer,4,7089
194,Connie,Thomas,c.thomas@randatmail.com,Master,Baker,12,3671
195,Freddie,Harrison,f.harrison@randatmail.com,Primary,Producer,9,4922
196,Robert,Stewart,r.stewart@randatmail.com,Lower secondary,Chemist,3,8543
197,Steven,Phillips,s.phillips@randatmail.com,Master,Mathematician,1,4254
198,Alan,Johnston,a.johnston@randatmail.com,Primary,Mechanic,2,7944
199,Rosie,Stevens,r.stevens@randatmail.com,Upper secondary,Aeroplane Pilot,1,8903
200,Violet,Myers,v.myers@randatmail.com,Upper secondary,Architect,15,8253
201,Tiana,Douglas,t.douglas@randatmail.com,Doctoral,Accountant,5,6937
202,Adam,Mitchell,a.mitchell@randatmail.com,Doctoral,Archeologist,10,2681
203,Alexia,Hunt,a.hunt@randatmail.com,Doctoral,Interpreter,16,3719
204,Audrey,Barrett,a.barrett@randatmail.com,Primary,Physicist,11,9981
205,Caroline,Roberts,c.roberts@randatmail.com,Lower secondary,Teacher,0,4900
206,Sofia,Robinson,s.robinson@randatmail.com,Primary,Engineer,12,9983
207,Savana,Williams,s.williams@randatmail.com,Bachelor,Auditor,4,4300
208,Paul,Morrison,p.morrison@randatmail.com,Lower secondary,Florist,15,2001
209,Lydia,Baker,l.baker@randatmail.com,Master,Insurer,15,5359
210,Alina,Holmes,a.holmes@randatmail.com,Master,Producer,7,6570
211,Andrew,Armstrong,a.armstrong@randatmail.com,Bachelor,Insurer,8,5675
212,Ellia,Walker,e.walker@randatmail.com,Doctoral,Salesman,12,5510
213,Alan,Morgan,a.morgan@randatmail.com,Bachelor,Architect,9,8856
214,Lydia,Ellis,l.ellis@randatmail.com,Primary,Interior Designer,14,7042
215,Blake,Howard,b.howard@randatmail.com,Primary,Mechanic,11,2431
216,Sam,Ferguson,s.ferguson@randatmail.com,Master,Hairdresser,0,1465
217,Samantha,Casey,s.casey@randatmail.com,Upper secondary,Actor,15,7499
218,Kirsten,Kelley,k.kelley@randatmail.com,Doctoral,Historian,13,937
219,Aida,Carroll,a.carroll@randatmail.com,Bachelor,Insurer,12,2919
220,Violet,Montgomery,v.montgomery@randatmail.com,Lower secondary,Chef,7,3934
221,Tess,Higgins,t.higgins@randatmail.com,Bachelor,Chemist,15,808
222,Vivian,Davis,v.davis@randatmail.com,Upper secondary,Programmer,1,4680
223,Abraham,Phillips,a.phillips@randatmail.com,Master,Journalist,15,2371
224,Alfred,Smith,a.smith@randatmail.com,Primary,Driver,13,6144
225,Alexia,Cunningham,a.cunningham@randatmail.com,Doctoral,Composer,11,3640
226,Brooke,Armstrong,b.armstrong@randatmail.com,Primary,Driver,11,5002
227,Bruce,Ellis,b.ellis@randatmail.com,Upper secondary,Chemist,17,8297
228,Antony,Campbell,a.campbell@randatmail.com,Bachelor,Medic,19,5165
229,Brad,Thomas,b.thomas@randatmail.com,Primary,Florist,8,4903
230,Samantha,Phillips,s.phillips@randatmail.com,Doctoral,Historian,12,9713
231,Rafael,Payne,r.payne@randatmail.com,Bachelor,Graphic Designer,7,6173
232,Chloe,Warren,c.warren@randatmail.com,Primary,Social Worker,2,3317
233,Abraham,Fowler,a.fowler@randatmail.com,Lower secondary,Composer,1,5487
234,Isabella,Johnston,i.johnston@randatmail.com,Primary,Florist,2,6762
235,Sienna,Nelson,s.nelson@randatmail.com,Bachelor,Composer,1,3973
236,Caroline,Davis,c.davis@randatmail.com,Master,Dancer,0,2394
237,Isabella,Williams,i.williams@randatmail.com,Doctoral,Carpenter,3,1224
238,Chester,Stevens,c.stevens@randatmail.com,Doctoral,Botanist,17,6471
239,Gianna,Mitchell,g.mitchell@randatmail.com,Doctoral,Interpreter,6,2166
240,Arianna,Adams,a.adams@randatmail.com,Upper secondary,Baker,8,5629
241,Darcy,Reed,d.reed@randatmail.com,Doctoral,Electrician,10,5224
242,Fiona,Morris,f.morris@randatmail.com,Master,Photographer,10,2723
243,Kelsey,Perkins,k.perkins@randatmail.com,Primary,Engineer,18,7332
244,Lucy,Allen,l.allen@randatmail.com,Primary,Jeweller,6,6736
245,Wilson,Thompson,w.thompson@randatmail.com,Lower secondary,Teacher,16,6731
246,Frederick,Phillips,f.phillips@randatmail.com,Bachelor,Pharmacist,7,8604
247,Martin,Roberts,m.roberts@randatmail.com,Upper secondary,Meteorologist,12,795
248,Camila,Ross,c.ross@randatmail.com,Bachelor,Social Worker,7,6249
249,Roland,Payne,r.payne@randatmail.com,Doctoral,Architect,11,897
250,Mike,Barnes,m.barnes@randatmail.com,Bachelor,Botanist,17,6744
251,Ashton,Morrison,a.morrison@randatmail.com,Bachelor,Fashion Designer,16,966
252,Julian,Adams,j.adams@randatmail.com,Primary,Auditor,18,6464
253,Marcus,Owens,m.owens@randatmail.com,Upper secondary,Accountant,6,8728
254,Miller,Smith,m.smith@randatmail.com,Master,Astronomer,0,8991
255,Kimberly,Myers,k.myers@randatmail.com,Lower secondary,Cook,8,6079
256,Sophia,Wells,s.wells@randatmail.com,Doctoral,Electrician,2,9703
257,Adrian,Craig,a.craig@randatmail.com,Master,Producer,2,4083
258,Camila,Evans,c.evans@randatmail.com,Master,Lawer,13,9799
259,Martin,Spencer,m.spencer@randatmail.com,Primary,Economist,0,6162
260,Honey,Holmes,h.holmes@randatmail.com,Upper secondary,Lawer,18,3250
261,Samantha,Hunt,s.hunt@randatmail.com,Lower secondary,Programmer,2,8389
262,Vanessa,Richardson,v.richardson@randatmail.com,Upper secondary,Medic,9,6064
263,Dale,Craig,d.craig@randatmail.com,Upper secondary,Police Officer,12,8929
264,Dominik,Roberts,d.roberts@randatmail.com,Upper secondary,Interpreter,14,9960
265,Lyndon,Turner,l.turner@randatmail.com,Upper secondary,Architect,11,6875
266,Dominik,Morrison,d.morrison@randatmail.com,Bachelor,Aeroplane Pilot,12,7316
267,Byron,Williams,b.williams@randatmail.com,Master,Lawer,1,7998
268,Tony,Moore,t.moore@randatmail.com,Upper secondary,Historian,3,2084
269,Maria,Clark,m.clark@randatmail.com,Bachelor,Driver,15,8469
270,Carina,Hall,c.hall@randatmail.com,Bachelor,Firefighter,15,959
271,Violet,Ellis,v.ellis@randatmail.com,Lower secondary,Police Officer,12,3017
272,Adam,Bennett,a.bennett@randatmail.com,Primary,Engineer,12,3903
273,Annabella,Grant,a.grant@randatmail.com,Primary,Dancer,4,4591
274,William,Bennett,w.bennett@randatmail.com,Bachelor,Composer,7,2634
275,Brooke,Warren,b.warren@randatmail.com,Bachelor,Singer,2,3116
276,Jack,West,j.west@randatmail.com,Upper secondary,Florist,1,1452
277,Fiona,Turner,f.turner@randatmail.com,Bachelor,Firefighter,7,8922
278,Lenny,Kelley,l.kelley@randatmail.com,Master,Mechanic,11,1646
279,Edward,Bailey,e.bailey@randatmail.com,Lower secondary,Driver,11,9739
280,Maddie,Allen,m.allen@randatmail.com,Doctoral,Insurer,4,9042
281,Maria,Smith,m.smith@randatmail.com,Master,Teacher,4,5211
282,Ted,Perry,t.perry@randatmail.com,Primary,Florist,13,2599
283,Victoria,Russell,v.russell@randatmail.com,Bachelor,Meteorologist,8,2437
284,Fiona,Watson,f.watson@randatmail.com,Upper secondary,Mathematician,6,7615
285,Alberta,Perkins,a.perkins@randatmail.com,Upper secondary,Interior Designer,13,5803
286,Tony,Adams,t.adams@randatmail.com,Bachelor,Driver,0,4156
287,Emily,Edwards,e.edwards@randatmail.com,Upper secondary,Lawer,7,2181
288,Belinda,Cameron,b.cameron@randatmail.com,Upper secondary,Economist,3,8010
289,Kate,Hunt,k.hunt@randatmail.com,Doctoral,Veterinarian,1,4495
290,Aston,Myers,a.myers@randatmail.com,Upper secondary,Chemist,17,4378
291,Olivia,Dixon,o.dixon@randatmail.com,Upper secondary,Singer,12,8672
292,Connie,Murphy,c.murphy@randatmail.com,Bachelor,Fashion Designer,8,3379
293,Lana,Ellis,l.ellis@randatmail.com,Primary,Architect,14,7698
294,Oscar,Warren,o.warren@randatmail.com,Lower secondary,Chemist,3,6953
295,Sarah,Wilson,s.wilson@randatmail.com,Primary,Jeweller,5,5305
296,Isabella,Brooks,i.brooks@randatmail.com,Upper secondary,Archeologist,6,3464
297,James,Nelson,j.nelson@randatmail.com,Upper secondary,Biochemist,10,3444
298,Sienna,Carroll,s.carroll@randatmail.com,Upper secondary,Dancer,6,5334
299,Frederick,Hill,f.hill@randatmail.com,Doctoral,Graphic Designer,4,3305
300,Miranda,Martin,m.martin@randatmail.com,Doctoral,Chef,11,7911
301,Caroline,Gibson,c.gibson@randatmail.com,Bachelor,Firefighter,2,7814
302,Elise,Farrell,e.farrell@randatmail.com,Doctoral,Pharmacist,5,5065
303,Ted,Brooks,t.brooks@randatmail.com,Master,Mechanic,12,4390
304,Aiden,Hill,a.hill@randatmail.com,Bachelor,Photographer,15,1581
305,Cadie,Walker,c.walker@randatmail.com,Bachelor,Insurer,1,6299
306,Arnold,Johnson,a.johnson@randatmail.com,Bachelor,Driver,2,1420
307,Albert,Parker,a.parker@randatmail.com,Upper secondary,Auditor,14,4206
308,Amelia,Foster,a.foster@randatmail.com,Bachelor,Firefighter,16,6029
309,Michael,Scott,m.scott@randatmail.com,Lower secondary,Interpreter,11,6287
310,Maddie,Grant,m.grant@randatmail.com,Bachelor,Veterinarian,12,2149
311,Amber,Riley,a.riley@randatmail.com,Lower secondary,Mathematician,11,9883
312,Maria,Carroll,m.carroll@randatmail.com,Doctoral,Cook,14,5222
313,Sophia,Myers,s.myers@randatmail.com,Primary,Auditor,6,5748
314,Heather,Hamilton,h.hamilton@randatmail.com,Upper secondary,Economist,10,1136
315,Jacob,Armstrong,j.armstrong@randatmail.com,Lower secondary,Baker,0,2280
316,Aldus,Bennett,a.bennett@randatmail.com,Bachelor,Auditor,0,8963
317,Jordan,Hamilton,j.hamilton@randatmail.com,Primary,Salesman,17,4254
318,Carina,Roberts,c.roberts@randatmail.com,Upper secondary,Scientist,5,4579
319,Annabella,West,a.west@randatmail.com,Doctoral,Historian,5,4697
320,Michael,Brooks,m.brooks@randatmail.com,Bachelor,Lecturer,7,7577
321,April,Allen,a.allen@randatmail.com,Primary,Auditor,7,5173
322,Michelle,Morris,m.morris@randatmail.com,Primary,Auditor,12,1501
323,Henry,Higgins,h.higgins@randatmail.com,Master,Programmer,7,4934
324,Jacob,Brown,j.brown@randatmail.com,Master,Cook,16,8459
325,Olivia,Richards,o.richards@randatmail.com,Doctoral,Insurer,2,7781
326,Adison,Evans,a.evans@randatmail.com,Upper secondary,Singer,16,7557
327,Derek,Watson,d.watson@randatmail.com,Master,Journalist,14,4310
328,Stuart,Stevens,s.stevens@randatmail.com,Doctoral,Lecturer,13,9694
329,Patrick,Cole,p.cole@randatmail.com,Bachelor,Auditor,5,5153
330,Kelvin,Roberts,k.roberts@randatmail.com,Master,Hairdresser,17,666
331,Roman,Craig,r.craig@randatmail.com,Bachelor,Social Worker,3,8687
332,Roman,Ellis,r.ellis@randatmail.com,Primary,Driver,1,7093
333,Fiona,Smith,f.smith@randatmail.com,Master,Teacher,16,5281
334,Chelsea,Ferguson,c.ferguson@randatmail.com,Upper secondary,Fashion Designer,15,4922
335,Rubie,Allen,r.allen@randatmail.com,Upper secondary,Teacher,9,8204
336,Alberta,Russell,a.russell@randatmail.com,Upper secondary,Manager,3,3790
337,Edward,Hamilton,e.hamilton@randatmail.com,Bachelor,Geologist,4,8904
338,April,Brown,a.brown@randatmail.com,Primary,Graphic Designer,1,6154
339,Jasmine,Hill,j.hill@randatmail.com,Lower secondary,Cook,2,9345
340,Kellan,Casey,k.casey@randatmail.com,Upper secondary,Interior Designer,14,4631
341,Lydia,Johnston,l.johnston@randatmail.com,Primary,Salesman,15,3696
342,Sofia,Hill,s.hill@randatmail.com,Upper secondary,Florist,8,9122
343,Julia,Phillips,j.phillips@randatmail.com,Upper secondary,Accountant,16,7824
344,Amelia,Ellis,a.ellis@randatmail.com,Master,Mathematician,18,7922
345,Ada,Russell,a.russell@randatmail.com,Upper secondary,Historian,6,1933
346,Lily,Hawkins,l.hawkins@randatmail.com,Bachelor,Teacher,0,5455
347,Violet,Brown,v.brown@randatmail.com,Primary,Economist,11,1293
348,Nicholas,Riley,n.riley@randatmail.com,Doctoral,Photographer,7,4906
349,Martin,Kelly,m.kelly@randatmail.com,Lower secondary,Programmer,5,5625
350,Anna,Roberts,a.roberts@randatmail.com,Bachelor,Composer,7,2418
351,Walter,Montgomery,w.montgomery@randatmail.com,Primary,Agronomist,12,2598
352,Jenna,Hawkins,j.hawkins@randatmail.com,Bachelor,Auditor,11,3681
353,William,Smith,w.smith@randatmail.com,Master,Programmer,4,2890
354,Freddie,Dixon,f.dixon@randatmail.com,Bachelor,Veterinarian,12,3921
355,Richard,Montgomery,r.montgomery@randatmail.com,Bachelor,Programmer,1,2091
356,Agata,Hunt,a.hunt@randatmail.com,Lower secondary,Singer,10,4866
357,Eleanor,Parker,e.parker@randatmail.com,Primary,Manager,1,9580
358,Melanie,Morrison,m.morrison@randatmail.com,Bachelor,Pharmacist,13,868
359,Melanie,Grant,m.grant@randatmail.com,Doctoral,Lawer,3,7644
360,Victor,Harper,v.harper@randatmail.com,Upper secondary,Historian,17,9861
361,Jacob,Phillips,j.phillips@randatmail.com,Upper secondary,Mathematician,13,9367
362,Max,Nelson,m.nelson@randatmail.com,Doctoral,Teacher,12,1911
363,Briony,Johnston,b.johnston@randatmail.com,Primary,Salesman,12,6554
364,Sydney,Hunt,s.hunt@randatmail.com,Lower secondary,Fine Artist,1,2368
365,Adrianna,Howard,a.howard@randatmail.com,Doctoral,Medic,8,9505
366,Sabrina,Bailey,s.bailey@randatmail.com,Master,Journalist,8,658
367,Naomi,Jones,n.jones@randatmail.com,Doctoral,Pharmacist,3,5565
368,Adam,Walker,a.walker@randatmail.com,Upper secondary,Teacher,8,7167
369,Roland,Lloyd,r.lloyd@randatmail.com,Primary,Physicist,1,7501
370,Eleanor,Phillips,e.phillips@randatmail.com,Bachelor,Physicist,6,8272
371,Ned,Gray,n.gray@randatmail.com,Upper secondary,Carpenter,11,6853
372,Lucy,Smith,l.smith@randatmail.com,Lower secondary,Teacher,3,5425
373,Audrey,Hamilton,a.hamilton@randatmail.com,Doctoral,Electrician,12,7154
374,Nicholas,Holmes,n.holmes@randatmail.com,Lower secondary,Mathematician,12,2406
375,Sydney,Brooks,s.brooks@randatmail.com,Upper secondary,Economist,14,9220
376,Roman,Henderson,r.henderson@randatmail.com,Master,Police Officer,5,7450
377,Rafael,Allen,r.allen@randatmail.com,Bachelor,Actor,5,7353
378,Dexter,Allen,d.allen@randatmail.com,Primary,Salesman,9,2459
379,Roland,Evans,r.evans@randatmail.com,Doctoral,Physicist,17,1391
380,Steven,Ellis,s.ellis@randatmail.com,Bachelor,Geologist,11,4896
381,Maya,Mason,m.mason@randatmail.com,Master,Accountant,10,8461
382,Henry,Johnson,h.johnson@randatmail.com,Upper secondary,Fine Artist,9,4352
383,Adam,Murphy,a.murphy@randatmail.com,Doctoral,Actor,9,3270
384,John,Craig,j.craig@randatmail.com,Lower secondary,Architect,0,9842
385,Jared,Stevens,j.stevens@randatmail.com,Bachelor,Police Officer,3,9015
386,Gianna,Morrison,g.morrison@randatmail.com,Bachelor,Fine Artist,14,6104
387,Alisa,Thompson,a.thompson@randatmail.com,Bachelor,Veterinarian,6,4044
388,Belinda,Barrett,b.barrett@randatmail.com,Doctoral,Actor,9,886
389,Annabella,Richardson,a.richardson@randatmail.com,Lower secondary,Archeologist,5,8930
390,Sawyer,Morrison,s.morrison@randatmail.com,Master,Teacher,12,6362
391,Frederick,Payne,f.payne@randatmail.com,Master,Interior Designer,14,8860
392,Samantha,Morrison,s.morrison@randatmail.com,Master,Social Worker,17,5560
393,Alen,Chapman,a.chapman@randatmail.com,Doctoral,Carpenter,13,7049
394,Lenny,Gibson,l.gibson@randatmail.com,Lower secondary,Dancer,17,8103
395,Sawyer,Reed,s.reed@randatmail.com,Master,Lecturer,3,4607
396,Alisa,Davis,a.davis@randatmail.com,Lower secondary,Fine Artist,7,5374
397,Elian,Montgomery,e.montgomery@randatmail.com,Upper secondary,Botanist,5,983
398,Jessica,Henderson,j.henderson@randatmail.com,Bachelor,Driver,15,3339
399,Dominik,Johnston,d.johnston@randatmail.com,Bachelor,Singer,7,9492
400,Hailey,Phillips,h.phillips@randatmail.com,Lower secondary,Manager,8,4412
401,Aida,Wilson,a.wilson@randatmail.com,Primary,Journalist,16,2934
402,Michelle,Watson,m.watson@randatmail.com,Upper secondary,Mechanic,6,1824
403,Miller,Clark,m.clark@randatmail.com,Lower secondary,Engineer,5,7995
404,Melissa,Gray,m.gray@randatmail.com,Master,Social Worker,7,5464
405,Aldus,Richards,a.richards@randatmail.com,Bachelor,Archeologist,11,5777
406,Lucy,Sullivan,l.sullivan@randatmail.com,Upper secondary,Geologist,14,1050
407,Leonardo,Cameron,l.cameron@randatmail.com,Primary,Mathematician,14,3766
408,Valeria,Stewart,v.stewart@randatmail.com,Lower secondary,Fine Artist,20,3606
409,Jasmine,Riley,j.riley@randatmail.com,Doctoral,Medic,12,7378
410,Darcy,Ferguson,d.ferguson@randatmail.com,Doctoral,Actor,16,4915
411,Amanda,Campbell,a.campbell@randatmail.com,Lower secondary,Journalist,17,4482
412,Rubie,Dixon,r.dixon@randatmail.com,Upper secondary,Interpreter,2,870
413,Sawyer,Taylor,s.taylor@randatmail.com,Doctoral,Firefighter,0,7803
414,Catherine,Craig,c.craig@randatmail.com,Master,Programmer,6,8613
415,Heather,Harper,h.harper@randatmail.com,Bachelor,Hairdresser,18,947
416,Harold,Richardson,h.richardson@randatmail.com,Bachelor,Meteorologist,3,5388
417,Natalie,Harrison,n.harrison@randatmail.com,Doctoral,Physicist,5,8079
418,Bruce,Ross,b.ross@randatmail.com,Bachelor,Jeweller,22,860
419,Miranda,Andrews,m.andrews@randatmail.com,Bachelor,Programmer,13,2787
420,Jacob,Johnston,j.johnston@randatmail.com,Master,Florist,21,7033
421,Antony,Rogers,a.rogers@randatmail.com,Bachelor,Physicist,16,2146
422,Natalie,Cameron,n.cameron@randatmail.com,Bachelor,Biochemist,20,1657
423,Leonardo,Sullivan,l.sullivan@randatmail.com,Primary,Firefighter,2,8395
424,Carl,Hill,c.hill@randatmail.com,Primary,Interior Designer,6,9746
425,Daniel,Elliott,d.elliott@randatmail.com,Lower secondary,Meteorologist,20,5617
426,Bruce,Hunt,b.hunt@randatmail.com,Bachelor,Auditor,0,1082
427,Sophia,Anderson,s.anderson@randatmail.com,Lower secondary,Accountant,13,6545
428,James,Miller,j.miller@randatmail.com,Doctoral,Singer,2,7584
429,Valeria,Phillips,v.phillips@randatmail.com,Primary,Carpenter,11,5284
430,Adam,Barnes,a.barnes@randatmail.com,Master,Photographer,17,2751
431,Luke,Henderson,l.henderson@randatmail.com,Lower secondary,Chef,16,9508
432,Audrey,Kelly,a.kelly@randatmail.com,Upper secondary,Photographer,2,1022
433,Violet,Morrison,v.morrison@randatmail.com,Lower secondary,Insurer,19,4096
434,Lily,Nelson,l.nelson@randatmail.com,Master,Actor,12,594
435,Fenton,Riley,f.riley@randatmail.com,Doctoral,Chemist,22,1910
436,Alan,Myers,a.myers@randatmail.com,Upper secondary,Teacher,12,679
437,Rebecca,Douglas,r.douglas@randatmail.com,Lower secondary,Interpreter,25,1716
438,Audrey,Foster,a.foster@randatmail.com,Primary,Insurer,4,6089
439,Paul,Fowler,p.fowler@randatmail.com,Bachelor,Biochemist,9,1304
440,Lyndon,Bennett,l.bennett@randatmail.com,Upper secondary,Carpenter,9,854
441,Evelyn,Davis,e.davis@randatmail.com,Primary,Baker,4,1715
442,Audrey,Harper,a.harper@randatmail.com,Doctoral,Aeroplane Pilot,20,9524
443,Julia,Wright,j.wright@randatmail.com,Doctoral,Salesman,1,8641
444,Albert,Mitchell,a.mitchell@randatmail.com,Bachelor,Teacher,7,4514
445,Carina,Thomas,c.thomas@randatmail.com,Primary,Chemist,21,9337
446,Violet,Turner,v.turner@randatmail.com,Primary,Manager,8,7939
447,Jack,Farrell,j.farrell@randatmail.com,Upper secondary,Lecturer,22,7364
448,Fiona,West,f.west@randatmail.com,Upper secondary,Photographer,15,6762
449,Marcus,Sullivan,m.sullivan@randatmail.com,Upper secondary,Police Officer,15,3295
450,Ellia,Bennett,e.bennett@randatmail.com,Master,Producer,23,1543
451,Wilson,Walker,w.walker@randatmail.com,Doctoral,Chemist,6,6001
452,Walter,Kelly,w.kelly@randatmail.com,Lower secondary,Economist,16,2480
453,Sofia,Hall,s.hall@randatmail.com,Master,Teacher,22,6535
454,Victoria,Stevens,v.stevens@randatmail.com,Lower secondary,Physicist,19,1786
455,Maddie,Morris,m.morris@randatmail.com,Lower secondary,Auditor,4,9949
456,Grace,Holmes,g.holmes@randatmail.com,Lower secondary,Producer,0,1784
457,Isabella,Crawford,i.crawford@randatmail.com,Primary,Social Worker,4,2972
458,Eddy,Fowler,e.fowler@randatmail.com,Primary,Pharmacist,23,4896
459,Deanna,Foster,d.foster@randatmail.com,Lower secondary,Baker,7,2456
460,Henry,Evans,h.evans@randatmail.com,Master,Teacher,5,9934
461,Frederick,Perkins,f.perkins@randatmail.com,Lower secondary,Auditor,10,9617
462,Kellan,Russell,k.russell@randatmail.com,Master,Astronomer,11,4220
463,Alfred,Myers,a.myers@randatmail.com,Lower secondary,Actor,1,6134
464,Byron,Ross,b.ross@randatmail.com,Bachelor,Firefighter,9,5130
465,Ryan,Tucker,r.tucker@randatmail.com,Doctoral,Veterinarian,19,8283
466,Adele,Riley,a.riley@randatmail.com,Bachelor,Insurer,19,799
467,Richard,Hawkins,r.hawkins@randatmail.com,Doctoral,Meteorologist,22,1466
468,Byron,Riley,b.riley@randatmail.com,Master,Programmer,20,4250
469,Tony,Grant,t.grant@randatmail.com,Primary,Producer,15,7987
470,Charlotte,Campbell,c.campbell@randatmail.com,Primary,Composer,18,3411
471,Rubie,Murray,r.murray@randatmail.com,Lower secondary,Graphic Designer,16,6385
472,Myra,Craig,m.craig@randatmail.com,Master,Interior Designer,18,4086
473,Cherry,Cole,c.cole@randatmail.com,Upper secondary,Scientist,8,5540
474,Maya,Montgomery,m.montgomery@randatmail.com,Master,Medic,5,8773
475,Alford,Henderson,a.henderson@randatmail.com,Primary,Teacher,18,6573
476,Aldus,Mitchell,a.mitchell@randatmail.com,Upper secondary,Lawer,8,3725
477,Michael,Wilson,m.wilson@randatmail.com,Lower secondary,Meteorologist,10,5364
478,Miranda,Armstrong,m.armstrong@randatmail.com,Primary,Driver,17,7670
479,Haris,Hill,h.hill@randatmail.com,Primary,Jeweller,16,9244
480,Owen,Alexander,o.alexander@randatmail.com,Doctoral,Driver,15,4465
481,Briony,Hawkins,b.hawkins@randatmail.com,Upper secondary,Dancer,13,4770
482,Miller,Sullivan,m.sullivan@randatmail.com,Bachelor,Hairdresser,14,8230
483,Vanessa,Foster,v.foster@randatmail.com,Primary,Botanist,19,8860
484,Daniel,Spencer,d.spencer@randatmail.com,Upper secondary,Architect,2,937
485,Adison,Barrett,a.barrett@randatmail.com,Upper secondary,Social Worker,14,4693
486,Alen,Payne,a.payne@randatmail.com,Master,Medic,14,7501
487,Adison,Douglas,a.douglas@randatmail.com,Doctoral,Graphic Designer,20,9114
488,Rosie,Cole,r.cole@randatmail.com,Primary,Engineer,0,7497
489,Naomi,Perkins,n.perkins@randatmail.com,Master,Lecturer,1,2844
490,Lana,Lloyd,l.lloyd@randatmail.com,Bachelor,Fine Artist,4,1709
491,Lydia,Evans,l.evans@randatmail.com,Master,Mechanic,14,8528
492,Adelaide,Russell,a.russell@randatmail.com,Doctoral,Dancer,12,1690
493,Elise,Barnes,e.barnes@randatmail.com,Doctoral,Meteorologist,10,4237
494,Alan,Moore,a.moore@randatmail.com,Primary,Interpreter,14,2962
495,Stella,Allen,s.allen@randatmail.com,Lower secondary,Geologist,4,6694
496,Melanie,West,m.west@randatmail.com,Doctoral,Engineer,17,3844
497,Jenna,Baker,j.baker@randatmail.com,Bachelor,Firefighter,18,5181
498,Edith,Anderson,e.anderson@randatmail.com,Lower secondary,Manager,16,2566
499,Grace,Harper,g.harper@randatmail.com,Doctoral,Chef,13,8949
500,Miranda,Dixon,m.dixon@randatmail.com,Lower secondary,Architect,8,3799
501,Adrian,Tucker,a.tucker@randatmail.com,Lower secondary,Mathematician,19,4520
502,Anna,Moore,a.moore@randatmail.com,Doctoral,Programmer,10,8649
503,Kimberly,Perkins,k.perkins@randatmail.com,Primary,Manager,4,4127
504,Evelyn,Richards,e.richards@randatmail.com,Primary,Physicist,13,7485
505,Frederick,Farrell,f.farrell@randatmail.com,Lower secondary,Agronomist,17,5441
506,Rafael,Evans,r.evans@randatmail.com,Bachelor,Cook,18,5000
507,Carl,Jones,c.jones@randatmail.com,Bachelor,Interior Designer,19,2026
508,Rafael,Richardson,r.richardson@randatmail.com,Primary,Cook,3,8852
509,Jessica,Higgins,j.higgins@randatmail.com,Primary,Astronomer,1,2108
510,Aston,West,a.west@randatmail.com,Bachelor,Actor,13,1700
511,Samantha,Rogers,s.rogers@randatmail.com,Primary,Interior Designer,12,7629
512,Henry,Morris,h.morris@randatmail.com,Doctoral,Journalist,11,8367
513,Blake,Ferguson,b.ferguson@randatmail.com,Master,Interior Designer,19,5041
514,Savana,Foster,s.foster@randatmail.com,Doctoral,Manager,0,8937
515,Robert,Morrison,r.morrison@randatmail.com,Master,Actor,4,8835
516,Alen,Williams,a.williams@randatmail.com,Upper secondary,Accountant,16,6355
517,Thomas,Hunt,t.hunt@randatmail.com,Upper secondary,Journalist,21,4269
518,Madaline,Payne,m.payne@randatmail.com,Lower secondary,Interpreter,23,1372
519,Adelaide,Gibson,a.gibson@randatmail.com,Master,Accountant,0,5346
520,Sophia,Hill,s.hill@randatmail.com,Upper secondary,Pharmacist,1,3589
521,Max,Campbell,m.campbell@randatmail.com,Doctoral,Salesman,13,6247
522,Ned,Morris,n.morris@randatmail.com,Master,Agronomist,17,6595
523,Michelle,Sullivan,m.sullivan@randatmail.com,Upper secondary,Driver,7,6201
524,Tyler,Henderson,t.henderson@randatmail.com,Doctoral,Electrician,14,7698
525,Miller,Cameron,m.cameron@randatmail.com,Bachelor,Geologist,17,4019
526,Lana,Mitchell,l.mitchell@randatmail.com,Master,Dancer,0,9732
527,Stella,Barrett,s.barrett@randatmail.com,Lower secondary,Journalist,6,8181
528,Sydney,Howard,s.howard@randatmail.com,Doctoral,Biochemist,2,6822
529,Wilson,Moore,w.moore@randatmail.com,Primary,Cook,18,9627
530,Haris,Cooper,h.cooper@randatmail.com,Lower secondary,Fashion Designer,18,5381
531,Miller,Hunt,m.hunt@randatmail.com,Master,Composer,10,3790
532,Vanessa,Payne,v.payne@randatmail.com,Upper secondary,Aeroplane Pilot,18,4691
533,Honey,Hawkins,h.hawkins@randatmail.com,Lower secondary,Police Officer,17,7900
534,Nicholas,Warren,n.warren@randatmail.com,Primary,Programmer,13,6304
535,Evelyn,Hall,e.hall@randatmail.com,Bachelor,Actor,10,1958
536,Natalie,Hamilton,n.hamilton@randatmail.com,Doctoral,Manager,0,3355
537,Rebecca,Casey,r.casey@randatmail.com,Upper secondary,Salesman,17,3602
538,Elise,Mason,e.mason@randatmail.com,Lower secondary,Meteorologist,20,2597
539,Garry,Mitchell,g.mitchell@randatmail.com,Lower secondary,Astronomer,14,4606
540,Chelsea,Perry,c.perry@randatmail.com,Master,Historian,8,9766
541,Sarah,Scott,s.scott@randatmail.com,Master,Lecturer,3,3390
542,Arnold,Barnes,a.barnes@randatmail.com,Upper secondary,Accountant,9,4498
543,Leonardo,Morris,l.morris@randatmail.com,Bachelor,Carpenter,8,4484
544,Jared,Cameron,j.cameron@randatmail.com,Upper secondary,Botanist,15,5274
545,Eleanor,Carroll,e.carroll@randatmail.com,Primary,Producer,17,1651
546,Valeria,Crawford,v.crawford@randatmail.com,Primary,Chemist,12,6187
547,Connie,Watson,c.watson@randatmail.com,Bachelor,Interpreter,18,2922
548,Miranda,Myers,m.myers@randatmail.com,Primary,Hairdresser,0,5031
549,Cherry,Tucker,c.tucker@randatmail.com,Lower secondary,Physicist,4,8836
550,Julia,Allen,j.allen@randatmail.com,Bachelor,Dancer,17,7570
551,Derek,Morris,d.morris@randatmail.com,Master,Biochemist,14,859
552,Marcus,Morgan,m.morgan@randatmail.com,Doctoral,Historian,11,7495
553,George,Kelly,g.kelly@randatmail.com,Master,Pharmacist,11,1430
554,Rebecca,Kelly,r.kelly@randatmail.com,Lower secondary,Engineer,19,3780
555,Frederick,Mason,f.mason@randatmail.com,Primary,Programmer,16,5797
556,Fenton,Farrell,f.farrell@randatmail.com,Lower secondary,Astronomer,11,4796
557,Tess,Stevens,t.stevens@randatmail.com,Doctoral,Manager,6,2897
558,Emma,Walker,e.walker@randatmail.com,Lower secondary,Mathematician,0,9552
559,Maddie,Perry,m.perry@randatmail.com,Master,Auditor,16,7437
560,Maya,Phillips,m.phillips@randatmail.com,Upper secondary,Teacher,18,6434
561,Briony,Harper,b.harper@randatmail.com,Upper secondary,Mathematician,1,1314
562,Alisa,Owens,a.owens@randatmail.com,Primary,Composer,0,8014
563,Fenton,Roberts,f.roberts@randatmail.com,Master,Journalist,6,4416
564,Victor,Cole,v.cole@randatmail.com,Upper secondary,Aeroplane Pilot,18,6972
565,Robert,Stevens,r.stevens@randatmail.com,Doctoral,Teacher,1,7249
566,Cherry,Hill,c.hill@randatmail.com,Primary,Botanist,15,2627
567,Mary,Richards,m.richards@randatmail.com,Doctoral,Engineer,8,4955
568,Chloe,Morris,c.morris@randatmail.com,Master,Geologist,10,5402
569,Steven,Hamilton,s.hamilton@randatmail.com,Doctoral,Hairdresser,21,5952
570,Jenna,Foster,j.foster@randatmail.com,Master,Lawer,11,7474
571,Jacob,Chapman,j.chapman@randatmail.com,Master,Accountant,12,6284
572,Daniel,Morris,d.morris@randatmail.com,Master,Social Worker,3,1911
573,Alina,Hunt,a.hunt@randatmail.com,Primary,Economist,10,5113
574,Tyler,Craig,t.craig@randatmail.com,Lower secondary,Actor,9,3697
575,Carlos,Martin,c.martin@randatmail.com,Doctoral,Dancer,4,6269
576,Patrick,Owens,p.owens@randatmail.com,Bachelor,Cook,13,5451
577,Chester,Robinson,c.robinson@randatmail.com,Lower secondary,Hairdresser,20,9329
578,Daniel,Fowler,d.fowler@randatmail.com,Master,Composer,8,8838
579,Luke,Johnston,l.johnston@randatmail.com,Master,Manager,16,8401
580,Arthur,Morgan,a.morgan@randatmail.com,Master,Electrician,16,5754
581,Blake,Evans,b.evans@randatmail.com,Upper secondary,Lecturer,16,6842
582,Hailey,Alexander,h.alexander@randatmail.com,Bachelor,Fine Artist,12,5929
583,Edwin,Chapman,e.chapman@randatmail.com,Master,Agronomist,10,5616
584,Deanna,Hill,d.hill@randatmail.com,Doctoral,Accountant,21,6246
585,Amy,Craig,a.craig@randatmail.com,Doctoral,Botanist,20,9152
586,Deanna,Mitchell,d.mitchell@randatmail.com,Master,Mechanic,0,8411
587,Ada,Hawkins,a.hawkins@randatmail.com,Doctoral,Producer,6,2330
588,Annabella,Martin,a.martin@randatmail.com,Master,Architect,20,9243
589,Lydia,West,l.west@randatmail.com,Lower secondary,Interior Designer,13,8331
590,Garry,Phillips,g.phillips@randatmail.com,Bachelor,Scientist,8,1542
591,Rosie,Taylor,r.taylor@randatmail.com,Upper secondary,Botanist,3,6429
592,Jenna,Harrison,j.harrison@randatmail.com,Doctoral,Manager,22,1438
593,Edgar,Warren,e.warren@randatmail.com,Bachelor,Mathematician,15,3949
594,Tiana,Richards,t.richards@randatmail.com,Upper secondary,Electrician,18,8920
595,Amelia,Fowler,a.fowler@randatmail.com,Primary,Insurer,11,9599
596,Kirsten,Grant,k.grant@randatmail.com,Bachelor,Firefighter,20,7748
597,Carina,Barrett,c.barrett@randatmail.com,Primary,Architect,16,1551
598,Tara,Edwards,t.edwards@randatmail.com,Master,Scientist,1,4050
599,Ashton,Cameron,a.cameron@randatmail.com,Bachelor,Pharmacist,1,7066
600,Edwin,Robinson,e.robinson@randatmail.com,Master,Botanist,7,7830
601,Carina,Parker,c.parker@randatmail.com,Lower secondary,Accountant,5,5537
602,David,Wright,d.wright@randatmail.com,Upper secondary,Photographer,0,7453
603,Deanna,Taylor,d.taylor@randatmail.com,Primary,Fashion Designer,2,851
604,Kellan,Davis,k.davis@randatmail.com,Lower secondary,Accountant,7,8048
605,Deanna,Carroll,d.carroll@randatmail.com,Master,Fashion Designer,6,9695
606,Stuart,Phillips,s.phillips@randatmail.com,Bachelor,Salesman,7,5429
607,Blake,Hamilton,b.hamilton@randatmail.com,Doctoral,Chef,4,9962
608,Emily,Hunt,e.hunt@randatmail.com,Doctoral,Astronomer,8,6817
609,Owen,Perkins,o.perkins@randatmail.com,Bachelor,Singer,10,7899
610,Tyler,Elliott,t.elliott@randatmail.com,Master,Insurer,2,7309
611,Deanna,Crawford,d.crawford@randatmail.com,Master,Scientist,5,1406
612,Amanda,Bailey,a.bailey@randatmail.com,Master,Firefighter,1,9665
613,Tara,Johnston,t.johnston@randatmail.com,Doctoral,Jeweller,0,9953
614,Tiana,Edwards,t.edwards@randatmail.com,Bachelor,Biochemist,11,8751
615,Dexter,Thompson,d.thompson@randatmail.com,Master,Astronomer,4,523
616,Mary,Williams,m.williams@randatmail.com,Bachelor,Singer,6,3030
617,Sarah,Perkins,s.perkins@randatmail.com,Bachelor,Geologist,14,1028
618,Michael,Grant,m.grant@randatmail.com,Doctoral,Composer,2,4955
619,Darcy,Montgomery,d.montgomery@randatmail.com,Upper secondary,Photographer,10,1982
620,Sam,Crawford,s.crawford@randatmail.com,Primary,Carpenter,4,6379
621,Honey,Jones,h.jones@randatmail.com,Master,Auditor,5,2989
622,Richard,Andrews,r.andrews@randatmail.com,Lower secondary,Chemist,1,1950
623,Cherry,Owens,c.owens@randatmail.com,Primary,Interpreter,1,9628
624,Valeria,Campbell,v.campbell@randatmail.com,Upper secondary,Chemist,0,5877
625,Sydney,Harrison,s.harrison@randatmail.com,Lower secondary,Archeologist,9,9455
626,Grace,Clark,g.clark@randatmail.com,Master,Producer,2,6388
627,Aida,Reed,a.reed@randatmail.com,Primary,Social Worker,2,5719
628,Steven,Cole,s.cole@randatmail.com,Master,Archeologist,10,4556
629,Edward,Moore,e.moore@randatmail.com,Upper secondary,Meteorologist,7,4146
630,Marcus,Brooks,m.brooks@randatmail.com,Doctoral,Police Officer,10,4696
631,Chelsea,Edwards,c.edwards@randatmail.com,Lower secondary,Mathematician,7,9827
632,Edgar,Carroll,e.carroll@randatmail.com,Bachelor,Insurer,2,6723
633,Julian,Howard,j.howard@randatmail.com,Doctoral,Actor,6,7784
634,Kimberly,Myers,k.myers@randatmail.com,Master,Salesman,0,9285
635,Maddie,Grant,m.grant@randatmail.com,Lower secondary,Interpreter,8,2190
636,Kellan,Andrews,k.andrews@randatmail.com,Lower secondary,Lecturer,3,2679
637,Lana,Owens,l.owens@randatmail.com,Primary,Interior Designer,2,4533
638,Evelyn,Richards,e.richards@randatmail.com,Lower secondary,Fine Artist,11,6250
639,Aston,Bailey,a.bailey@randatmail.com,Primary,Meteorologist,8,5329
640,Lucy,Clark,l.clark@randatmail.com,Upper secondary,Interpreter,0,1989
641,Miley,Andrews,m.andrews@randatmail.com,Master,Veterinarian,13,6601
642,Alisa,Alexander,a.alexander@randatmail.com,Master,Manager,5,4522
643,Ryan,Johnson,r.johnson@randatmail.com,Master,Fashion Designer,3,807
644,Camila,Cole,c.cole@randatmail.com,Bachelor,Mathematician,9,771
645,Jenna,Douglas,j.douglas@randatmail.com,Lower secondary,Meteorologist,6,4487
646,Albert,Stevens,a.stevens@randatmail.com,Doctoral,Scientist,1,5267
647,Rebecca,Mason,r.mason@randatmail.com,Upper secondary,Agronomist,8,3419
648,Spike,Holmes,s.holmes@randatmail.com,Bachelor,Jeweller,3,6392
649,Richard,Rogers,r.rogers@randatmail.com,Bachelor,Biochemist,9,7775
650,Mary,Evans,m.evans@randatmail.com,Master,Fashion Designer,4,6202
651,Carina,Howard,c.howard@randatmail.com,Master,Jeweller,13,8364
652,Edwin,Mitchell,e.mitchell@randatmail.com,Master,Fine Artist,7,8858
653,Kellan,Hall,k.hall@randatmail.com,Lower secondary,Botanist,8,2275
654,Spike,Anderson,s.anderson@randatmail.com,Lower secondary,Scientist,6,860
655,Frederick,Murphy,f.murphy@randatmail.com,Primary,Auditor,8,1777
656,Ada,Reed,a.reed@randatmail.com,Bachelor,Baker,0,9346
657,Ashton,Hunt,a.hunt@randatmail.com,Primary,Lecturer,8,5552
658,Lana,Holmes,l.holmes@randatmail.com,Lower secondary,Archeologist,12,1301
659,Sienna,Campbell,s.campbell@randatmail.com,Bachelor,Fine Artist,11,8424
660,Eric,Payne,e.payne@randatmail.com,Primary,Lawer,8,3381
661,Myra,Mitchell,m.mitchell@randatmail.com,Primary,Florist,9,3990
662,Clark,Thomas,c.thomas@randatmail.com,Primary,Biochemist,4,3313
663,Rosie,Hill,r.hill@randatmail.com,Master,Producer,7,766
664,Honey,Crawford,h.crawford@randatmail.com,Bachelor,Jeweller,1,4479
665,Roman,Hill,r.hill@randatmail.com,Master,Social Worker,0,8584
666,Alan,Gray,a.gray@randatmail.com,Doctoral,Astronomer,7,9675
667,Audrey,Warren,a.warren@randatmail.com,Primary,Fashion Designer,8,7102
668,Richard,Nelson,r.nelson@randatmail.com,Master,Police Officer,5,4665
669,Evelyn,Cole,e.cole@randatmail.com,Bachelor,Fashion Designer,13,7426
670,Leonardo,Douglas,l.douglas@randatmail.com,Bachelor,Engineer,0,2072
671,Preston,Edwards,p.edwards@randatmail.com,Master,Botanist,1,4177
672,Amelia,Barrett,a.barrett@randatmail.com,Master,Actor,1,7359
673,Marcus,Gray,m.gray@randatmail.com,Bachelor,Interpreter,6,7737
674,Lucy,Rogers,l.rogers@randatmail.com,Lower secondary,Programmer,8,4218
675,Camila,Cunningham,c.cunningham@randatmail.com,Primary,Meteorologist,8,3563
676,Chelsea,Brooks,c.brooks@randatmail.com,Lower secondary,Physicist,3,6681
677,Alina,Parker,a.parker@randatmail.com,Bachelor,Police Officer,3,7475
678,Camila,Kelly,c.kelly@randatmail.com,Bachelor,Carpenter,12,9145
679,Gianna,Cameron,g.cameron@randatmail.com,Doctoral,Dancer,2,1231
680,Ada,Roberts,a.roberts@randatmail.com,Primary,Jeweller,5,8452
681,Spike,Campbell,s.campbell@randatmail.com,Lower secondary,Meteorologist,5,1198
682,Elian,Harris,e.harris@randatmail.com,Upper secondary,Interior Designer,5,9699
683,Rebecca,Higgins,r.higgins@randatmail.com,Primary,Scientist,1,3877
684,Aldus,Cooper,a.cooper@randatmail.com,Upper secondary,Pharmacist,11,6186
685,Edwin,Taylor,e.taylor@randatmail.com,Master,Accountant,8,9691
686,Henry,Johnston,h.johnston@randatmail.com,Bachelor,Physicist,9,9712
687,Jenna,Cole,j.cole@randatmail.com,Bachelor,Biochemist,8,2632
688,Emily,Morris,e.morris@randatmail.com,Bachelor,Fashion Designer,7,8312
689,Myra,Hill,m.hill@randatmail.com,Upper secondary,Graphic Designer,7,8192
690,Kevin,Warren,k.warren@randatmail.com,Doctoral,Driver,12,6184
691,Kate,Bailey,k.bailey@randatmail.com,Primary,Manager,2,5428
692,Oscar,Armstrong,o.armstrong@randatmail.com,Doctoral,Physicist,7,9511
693,Andrew,Armstrong,a.armstrong@randatmail.com,Bachelor,Fine Artist,5,6927
694,Agata,Smith,a.smith@randatmail.com,Doctoral,Geologist,1,2173
695,Aston,Kelley,a.kelley@randatmail.com,Upper secondary,Producer,4,7143
696,Ned,Alexander,n.alexander@randatmail.com,Upper secondary,Fine Artist,12,6943
697,Emma,West,e.west@randatmail.com,Upper secondary,Fashion Designer,10,5961
698,Stuart,Taylor,s.taylor@randatmail.com,Doctoral,Teacher,5,4870
699,Gianna,Montgomery,g.montgomery@randatmail.com,Upper secondary,Hairdresser,14,3685
700,Michael,Wilson,m.wilson@randatmail.com,Bachelor,Composer,4,7952
701,Maria,Montgomery,m.montgomery@randatmail.com,Lower secondary,Geologist,11,3484
702,Sawyer,Barrett,s.barrett@randatmail.com,Master,Hairdresser,7,2906
703,Luke,Alexander,l.alexander@randatmail.com,Lower secondary,Salesman,3,5272
704,Ashton,Wells,a.wells@randatmail.com,Master,Photographer,12,7823
705,Justin,Williams,j.williams@randatmail.com,Doctoral,Auditor,7,8339
706,Albert,Taylor,a.taylor@randatmail.com,Master,Meteorologist,3,7471
707,Jenna,Warren,j.warren@randatmail.com,Primary,Teacher,0,2822
708,Natalie,Roberts,n.roberts@randatmail.com,Upper secondary,Physicist,8,4101
709,Sawyer,Moore,s.moore@randatmail.com,Master,Agronomist,14,5288
710,Ashton,Douglas,a.douglas@randatmail.com,Primary,Veterinarian,11,2046
711,Lucy,Cameron,l.cameron@randatmail.com,Lower secondary,Teacher,4,8845
712,Owen,Fowler,o.fowler@randatmail.com,Master,Medic,13,2910
713,Alford,Howard,a.howard@randatmail.com,Upper secondary,Chef,6,5091
714,Lyndon,Phillips,l.phillips@randatmail.com,Doctoral,Jeweller,1,5277
715,Alisa,Farrell,a.farrell@randatmail.com,Primary,Interpreter,3,4455
716,Elise,Spencer,e.spencer@randatmail.com,Doctoral,Baker,5,1905
717,Lyndon,Cameron,l.cameron@randatmail.com,Primary,Historian,11,1269
718,Camila,Carroll,c.carroll@randatmail.com,Bachelor,Interior Designer,9,3098
719,Dominik,Hill,d.hill@randatmail.com,Doctoral,Astronomer,6,1553
720,Darcy,Wells,d.wells@randatmail.com,Primary,Composer,10,9316
721,Maya,Hunt,m.hunt@randatmail.com,Upper secondary,Lecturer,9,6117
722,Nicholas,Hawkins,n.hawkins@randatmail.com,Bachelor,Photographer,2,6680
723,Paige,Farrell,p.farrell@randatmail.com,Lower secondary,Journalist,3,7568
724,Owen,Grant,o.grant@randatmail.com,Primary,Social Worker,11,9183
725,Charlotte,Foster,c.foster@randatmail.com,Doctoral,Fine Artist,11,1428
726,Savana,Edwards,s.edwards@randatmail.com,Master,Interpreter,0,7687
727,Garry,Dixon,g.dixon@randatmail.com,Master,Social Worker,8,6492
728,James,Stevens,j.stevens@randatmail.com,Primary,Auditor,8,3994
729,Lucas,Warren,l.warren@randatmail.com,Bachelor,Veterinarian,1,7650
730,Rubie,Foster,r.foster@randatmail.com,Bachelor,Lawer,6,9715
731,Charlotte,Howard,c.howard@randatmail.com,Upper secondary,Producer,4,7509
732,Lucas,Richards,l.richards@randatmail.com,Bachelor,Salesman,14,8599
733,Ashton,Watson,a.watson@randatmail.com,Upper secondary,Dancer,6,3664
734,Michael,Lloyd,m.lloyd@randatmail.com,Lower secondary,Astronomer,5,2957
735,Julia,Wells,j.wells@randatmail.com,Master,Archeologist,10,5998
736,Sam,Spencer,s.spencer@randatmail.com,Doctoral,Dancer,9,3320
737,Dominik,Johnson,d.johnson@randatmail.com,Upper secondary,Historian,4,1390
738,Maria,Perry,m.perry@randatmail.com,Upper secondary,Baker,6,7259
739,Julian,Ferguson,j.ferguson@randatmail.com,Upper secondary,Archeologist,0,1764
740,Tara,Watson,t.watson@randatmail.com,Master,Cook,2,9600
741,Naomi,Bailey,n.bailey@randatmail.com,Lower secondary,Insurer,6,9116
742,Edward,Holmes,e.holmes@randatmail.com,Bachelor,Journalist,8,1747
743,Amanda,Dixon,a.dixon@randatmail.com,Doctoral,Police Officer,2,6594
744,James,Owens,j.owens@randatmail.com,Master,Botanist,9,6606
745,Alberta,Harris,a.harris@randatmail.com,Lower secondary,Agronomist,13,8961
746,Amber,Wells,a.wells@randatmail.com,Lower secondary,Salesman,3,6906
747,Jack,Johnston,j.johnston@randatmail.com,Primary,Jeweller,0,4187
748,Kelsey,Payne,k.payne@randatmail.com,Master,Biochemist,7,730
749,Lilianna,Kelly,l.kelly@randatmail.com,Primary,Teacher,12,6433
750,Albert,Owens,a.owens@randatmail.com,Bachelor,Jeweller,0,3694
751,Abigail,Hill,a.hill@randatmail.com,Primary,Botanist,0,7101
752,Tony,Turner,t.turner@randatmail.com,Primary,Agronomist,5,4632
753,Maria,Turner,m.turner@randatmail.com,Bachelor,Scientist,0,2192
754,Hailey,Richards,h.richards@randatmail.com,Primary,Programmer,5,6310
755,Maximilian,Cunningham,m.cunningham@randatmail.com,Lower secondary,Scientist,12,3486
756,Lyndon,Martin,l.martin@randatmail.com,Primary,Photographer,11,4647
757,Alen,Martin,a.martin@randatmail.com,Doctoral,Mathematician,14,864
758,Cadie,Bailey,c.bailey@randatmail.com,Bachelor,Jeweller,1,5027
759,Abraham,Alexander,a.alexander@randatmail.com,Primary,Architect,0,5824
760,Haris,Barnes,h.barnes@randatmail.com,Bachelor,Botanist,0,7689
761,Antony,Johnston,a.johnston@randatmail.com,Primary,Electrician,10,6368
762,Penelope,Harrison,p.harrison@randatmail.com,Master,Lecturer,7,1175
763,Rafael,Grant,r.grant@randatmail.com,Lower secondary,Baker,0,3605
764,Harold,Perry,h.perry@randatmail.com,Doctoral,Aeroplane Pilot,3,3039
765,Amelia,Reed,a.reed@randatmail.com,Master,Pharmacist,2,7081
766,Adrianna,Montgomery,a.montgomery@randatmail.com,Master,Florist,10,7236
767,Derek,Douglas,d.douglas@randatmail.com,Primary,Composer,8,1639
768,Sophia,Russell,s.russell@randatmail.com,Primary,Astronomer,11,6670
769,Adrian,Harris,a.harris@randatmail.com,Bachelor,Baker,8,6088
770,Ted,Ross,t.ross@randatmail.com,Master,Astronomer,12,1033
771,Lucia,Robinson,l.robinson@randatmail.com,Master,Insurer,6,3120
772,Clark,Craig,c.craig@randatmail.com,Primary,Veterinarian,4,1241
773,Grace,Dixon,g.dixon@randatmail.com,Lower secondary,Graphic Designer,5,1607
774,Lenny,Owens,l.owens@randatmail.com,Doctoral,Scientist,0,9015
775,Egbe,Etu,egbe-etu.etu@sjsu.edu,Doctoral,Professor,5,0
776,Violet,Murphy,v.murphy@randatmail.com,Doctoral,Police Officer,3,8587
777,Carl,Moore,c.moore@randatmail.com,Doctoral,Chef,9,4811
778,Henry,Moore,h.moore@randatmail.com,Upper secondary,Economist,10,8463
779,Haris,Myers,h.myers@randatmail.com,Master,Biochemist,0,2524
780,Caroline,Bennett,c.bennett@randatmail.com,Master,Chef,8,2895
781,Victor,Crawford,v.crawford@randatmail.com,Master,Police Officer,11,8456
782,Harold,Brooks,h.brooks@randatmail.com,Primary,Aeroplane Pilot,7,8121
783,Catherine,Ryan,c.ryan@randatmail.com,Lower secondary,Teacher,4,9526
784,Abraham,Barrett,a.barrett@randatmail.com,Upper secondary,Mathematician,2,3452
785,Adelaide,Casey,a.casey@randatmail.com,Upper secondary,Interior Designer,5,2034
786,Carlos,Miller,c.miller@randatmail.com,Primary,Aeroplane Pilot,8,7675
787,Owen,Bennett,o.bennett@randatmail.com,Lower secondary,Baker,9,1369
788,Justin,Farrell,j.farrell@randatmail.com,Bachelor,Singer,7,4728
789,Alexander,Gray,a.gray@randatmail.com,Doctoral,Accountant,0,3802
790,Roland,Smith,r.smith@randatmail.com,Bachelor,Singer,13,5805
791,Sawyer,Stevens,s.stevens@randatmail.com,Lower secondary,Mechanic,14,9311
792,Tony,Murphy,t.murphy@randatmail.com,Upper secondary,Mechanic,7,9831
793,Garry,Ross,g.ross@randatmail.com,Doctoral,Medic,4,4570
794,Haris,Brooks,h.brooks@randatmail.com,Upper secondary,Firefighter,6,7472
795,Amber,Harrison,a.harrison@randatmail.com,Master,Pharmacist,5,5779
796,Kristian,Myers,k.myers@randatmail.com,Master,Accountant,9,7037
797,Roland,Baker,r.baker@randatmail.com,Lower secondary,Fine Artist,5,8335
798,Cherry,Russell,c.russell@randatmail.com,Primary,Photographer,5,4338
799,Aiden,Carter,a.carter@randatmail.com,Doctoral,Chef,9,9822
800,Alford,Ross,a.ross@randatmail.com,Primary,Mathematician,0,3990
801,Owen,Baker,o.baker@randatmail.com,Upper secondary,Interpreter,1,2948
802,Rafael,Williams,r.williams@randatmail.com,Upper secondary,Driver,5,5092
803,Brad,Carroll,b.carroll@randatmail.com,Doctoral,Carpenter,13,2079
804,Michelle,Robinson,m.robinson@randatmail.com,Upper secondary,Chemist,16,8563
805,Sabrina,Warren,s.warren@randatmail.com,Doctoral,Historian,11,5105
806,Gianna,Adams,g.adams@randatmail.com,Upper secondary,Auditor,8,5820
807,Stella,Elliott,s.elliott@randatmail.com,Bachelor,Baker,10,2385
808,Adele,Higgins,a.higgins@randatmail.com,Primary,Archeologist,15,7892
809,Florrie,Reed,f.reed@randatmail.com,Master,Accountant,0,1961
810,Rebecca,Lloyd,r.lloyd@randatmail.com,Master,Hairdresser,11,8609
811,Julia,Barrett,j.barrett@randatmail.com,Upper secondary,Engineer,14,7288
812,Madaline,Watson,m.watson@randatmail.com,Upper secondary,Scientist,3,3157
813,Michelle,Edwards,m.edwards@randatmail.com,Upper secondary,Chemist,7,5446
814,Melissa,Ellis,m.ellis@randatmail.com,Upper secondary,Social Worker,9,822
815,Aldus,Stewart,a.stewart@randatmail.com,Bachelor,Firefighter,17,1045
816,Lucy,Stevens,l.stevens@randatmail.com,Primary,Engineer,14,4125
817,Derek,Scott,d.scott@randatmail.com,Upper secondary,Producer,20,8525
818,Fiona,Barnes,f.barnes@randatmail.com,Primary,Actor,11,3027
819,Chester,Wells,c.wells@randatmail.com,Primary,Biochemist,3,3240
820,Carl,Dixon,c.dixon@randatmail.com,Master,Scientist,4,5676
821,Agata,Adams,a.adams@randatmail.com,Lower secondary,Accountant,3,7908
822,Eleanor,Hall,e.hall@randatmail.com,Upper secondary,Astronomer,2,2144
823,Andrew,Crawford,a.crawford@randatmail.com,Master,Biochemist,11,6097
824,Sawyer,Owens,s.owens@randatmail.com,Doctoral,Cook,4,2182
825,Miranda,Carroll,m.carroll@randatmail.com,Lower secondary,Architect,14,5352
826,Annabella,Wells,a.wells@randatmail.com,Bachelor,Electrician,6,5462
827,Roland,Thomas,r.thomas@randatmail.com,Master,Graphic Designer,15,9246
828,Kimberly,Roberts,k.roberts@randatmail.com,Bachelor,Jeweller,17,1959
829,Deanna,Roberts,d.roberts@randatmail.com,Lower secondary,Lawer,3,7792
830,Samantha,Campbell,s.campbell@randatmail.com,Bachelor,Social Worker,0,6985
831,Kelvin,Morrison,k.morrison@randatmail.com,Bachelor,Actor,9,6245
832,Kelsey,Ryan,k.ryan@randatmail.com,Bachelor,Veterinarian,3,5315
833,Michelle,Mason,m.mason@randatmail.com,Upper secondary,Chemist,3,4666
834,Lily,Henderson,l.henderson@randatmail.com,Doctoral,Actor,5,3155
835,Michael,Richards,m.richards@randatmail.com,Master,Chef,0,6710
836,Lyndon,Ross,l.ross@randatmail.com,Primary,Jeweller,7,4042
837,Hailey,Perry,h.perry@randatmail.com,Doctoral,Singer,12,3643
838,Arianna,Hamilton,a.hamilton@randatmail.com,Upper secondary,Composer,2,5104
839,Kristian,Henderson,k.henderson@randatmail.com,Primary,Accountant,15,3754
840,Ada,Walker,a.walker@randatmail.com,Bachelor,Pharmacist,2,858
841,Belinda,Wright,b.wright@randatmail.com,Bachelor,Pharmacist,12,3303
842,Frederick,Chapman,f.chapman@randatmail.com,Master,Hairdresser,3,9831
843,Steven,Martin,s.martin@randatmail.com,Primary,Manager,0,3170
844,Honey,Hamilton,h.hamilton@randatmail.com,Master,Singer,14,5114
845,Penelope,Hall,p.hall@randatmail.com,Upper secondary,Historian,12,5261
846,Jordan,Armstrong,j.armstrong@randatmail.com,Upper secondary,Botanist,11,1085
847,Nicholas,Johnson,n.johnson@randatmail.com,Master,Journalist,15,4807
848,Ryan,Miller,r.miller@randatmail.com,Master,Aeroplane Pilot,7,3217
849,Jared,Roberts,j.roberts@randatmail.com,Doctoral,Fashion Designer,1,7746
850,Chester,Warren,c.warren@randatmail.com,Master,Manager,4,7655
851,Ryan,Cooper,r.cooper@randatmail.com,Master,Medic,15,3689
852,Derek,Moore,d.moore@randatmail.com,Lower secondary,Composer,3,5032
853,Alexia,West,a.west@randatmail.com,Primary,Veterinarian,7,1768
854,Kirsten,Morrison,k.morrison@randatmail.com,Lower secondary,Programmer,5,5314
855,Edward,Hill,e.hill@randatmail.com,Bachelor,Programmer,14,5230
856,Alina,Cunningham,a.cunningham@randatmail.com,Lower secondary,Police Officer,1,8695
857,Camila,Montgomery,c.montgomery@randatmail.com,Upper secondary,Firefighter,14,507
858,Alisa,Wright,a.wright@randatmail.com,Bachelor,Biochemist,14,2141
859,Mike,Martin,m.martin@randatmail.com,Upper secondary,Agronomist,5,7210
860,Nicole,Riley,n.riley@randatmail.com,Bachelor,Economist,15,2655
861,Henry,Carter,h.carter@randatmail.com,Lower secondary,Driver,1,5586
862,Garry,Mason,g.mason@randatmail.com,Upper secondary,Aeroplane Pilot,11,8303
863,Carlos,Richardson,c.richardson@randatmail.com,Doctoral,Medic,3,2102
864,Eric,Russell,e.russell@randatmail.com,Master,Mechanic,3,528
865,Steven,Thompson,s.thompson@randatmail.com,Lower secondary,Electrician,0,8807
866,Grace,Chapman,g.chapman@randatmail.com,Upper secondary,Accountant,0,1790
867,Jack,Clark,j.clark@randatmail.com,Upper secondary,Interpreter,11,8023
868,Nicole,Russell,n.russell@randatmail.com,Doctoral,Electrician,0,4737
869,Mike,Craig,m.craig@randatmail.com,Primary,Insurer,1,4939
870,Ada,Rogers,a.rogers@randatmail.com,Master,Journalist,16,4722
871,Clark,Cunningham,c.cunningham@randatmail.com,Lower secondary,Insurer,14,7849
872,Alberta,Mason,a.mason@randatmail.com,Bachelor,Mechanic,16,3948
873,Thomas,Mitchell,t.mitchell@randatmail.com,Doctoral,Salesman,16,9293
874,Madaline,Cameron,m.cameron@randatmail.com,Bachelor,Mechanic,0,1075
875,Kimberly,Craig,k.craig@randatmail.com,Master,Baker,11,3731
876,Alissa,Kelly,a.kelly@randatmail.com,Doctoral,Journalist,11,6728
877,Honey,Dixon,h.dixon@randatmail.com,Bachelor,Singer,7,5604
878,James,Lloyd,j.lloyd@randatmail.com,Lower secondary,Scientist,4,6476
879,Edith,Baker,e.baker@randatmail.com,Upper secondary,Interpreter,8,5635
880,Alfred,Perkins,a.perkins@randatmail.com,Lower secondary,Baker,4,3479
881,Alberta,Fowler,a.fowler@randatmail.com,Bachelor,Driver,14,3341
882,Derek,Edwards,d.edwards@randatmail.com,Doctoral,Chemist,5,4747
883,Valeria,Hawkins,v.hawkins@randatmail.com,Master,Accountant,12,2444
884,Arianna,Kelly,a.kelly@randatmail.com,Primary,Chef,4,1183
885,Brooke,Stevens,b.stevens@randatmail.com,Master,Journalist,4,3648
886,Alexander,Rogers,a.rogers@randatmail.com,Master,Electrician,16,8502
887,Isabella,West,i.west@randatmail.com,Lower secondary,Cook,9,8251
888,Preston,Murray,p.murray@randatmail.com,Upper secondary,Astronomer,8,903
889,Abigail,Richardson,a.richardson@randatmail.com,Master,Carpenter,3,9321
890,Thomas,Morris,t.morris@randatmail.com,Primary,Carpenter,16,3029
891,Aida,Allen,a.allen@randatmail.com,Primary,Chemist,6,6282
892,Gianna,Montgomery,g.montgomery@randatmail.com,Doctoral,Jeweller,7,1863
893,Henry,Russell,h.russell@randatmail.com,Bachelor,Cook,16,2423
894,Kelvin,Brooks,k.brooks@randatmail.com,Primary,Manager,10,8483
895,Adrianna,Reed,a.reed@randatmail.com,Master,Economist,14,1009
896,Leonardo,Chapman,l.chapman@randatmail.com,Upper secondary,Police Officer,12,4321
897,Caroline,Sullivan,c.sullivan@randatmail.com,Lower secondary,Pharmacist,2,8644
898,Kirsten,Stewart,k.stewart@randatmail.com,Bachelor,Mechanic,4,8624
899,Amanda,Walker,a.walker@randatmail.com,Doctoral,Hairdresser,7,4569
900,Brianna,Murphy,b.murphy@randatmail.com,Upper secondary,Lawer,1,3188
901,Savana,Richardson,s.richardson@randatmail.com,Primary,Teacher,13,6532
902,Kirsten,Harrison,k.harrison@randatmail.com,Lower secondary,Journalist,2,7345
903,Martin,Wilson,m.wilson@randatmail.com,Master,Geologist,3,653
904,Ashton,Wilson,a.wilson@randatmail.com,Primary,Composer,10,4351
905,Aldus,Ross,a.ross@randatmail.com,Primary,Medic,8,5108
906,Camila,Sullivan,c.sullivan@randatmail.com,Master,Historian,3,2118
907,Adele,Wilson,a.wilson@randatmail.com,Master,Firefighter,3,6370
908,Blake,Carroll,b.carroll@randatmail.com,Primary,Dancer,7,3908
909,Natalie,Thompson,n.thompson@randatmail.com,Lower secondary,Auditor,9,8326
910,Brianna,Wright,b.wright@randatmail.com,Upper secondary,Agronomist,15,7891
911,Joyce,Evans,j.evans@randatmail.com,Bachelor,Composer,5,9088
912,Thomas,Harper,t.harper@randatmail.com,Doctoral,Insurer,12,5662
913,Daryl,Smith,d.smith@randatmail.com,Upper secondary,Graphic Designer,15,9602
914,Thomas,Wright,t.wright@randatmail.com,Doctoral,Baker,10,6069
915,Miller,Edwards,m.edwards@randatmail.com,Primary,Cook,6,3615
916,Ashton,Adams,a.adams@randatmail.com,Upper secondary,Carpenter,13,8270
917,Sawyer,Kelley,s.kelley@randatmail.com,Master,Cook,13,6444
918,Reid,Hunt,r.hunt@randatmail.com,Primary,Police Officer,4,5836
919,Ted,Evans,t.evans@randatmail.com,Upper secondary,Chef,5,6936
920,Aldus,Scott,a.scott@randatmail.com,Bachelor,Medic,7,982
921,Mary,Moore,m.moore@randatmail.com,Bachelor,Biochemist,1,7104
922,Gianna,Ferguson,g.ferguson@randatmail.com,Master,Veterinarian,13,8864
923,Adison,Murphy,a.murphy@randatmail.com,Doctoral,Baker,0,7036
924,Tess,Higgins,t.higgins@randatmail.com,Master,Scientist,0,5382
925,Isabella,Adams,i.adams@randatmail.com,Master,Physicist,0,5736
926,Wilson,Richards,w.richards@randatmail.com,Bachelor,Aeroplane Pilot,9,575
927,Charlotte,Foster,c.foster@randatmail.com,Master,Producer,6,2627
928,Tess,Stewart,t.stewart@randatmail.com,Doctoral,Chemist,5,1197
929,Myra,Roberts,m.roberts@randatmail.com,Bachelor,Historian,2,7926
930,Roman,Campbell,r.campbell@randatmail.com,Upper secondary,Accountant,7,5684
931,Lucia,Kelley,l.kelley@randatmail.com,Master,Cook,11,1782
932,Derek,Carter,d.carter@randatmail.com,Bachelor,Photographer,13,5497
933,Lyndon,Gibson,l.gibson@randatmail.com,Master,Photographer,10,3249
934,Evelyn,Murray,e.murray@randatmail.com,Bachelor,Actor,0,8493
935,Violet,Murray,v.murray@randatmail.com,Master,Archeologist,3,5316
936,Cherry,Dixon,c.dixon@randatmail.com,Master,Meteorologist,3,8818
937,Mike,Watson,m.watson@randatmail.com,Master,Interpreter,11,8092
938,Julian,Clark,j.clark@randatmail.com,Bachelor,Producer,13,8510
939,Rafael,Riley,r.riley@randatmail.com,Doctoral,Physicist,10,4519
940,David,Adams,d.adams@randatmail.com,Doctoral,Lawer,14,7200
941,Naomi,Douglas,n.douglas@randatmail.com,Primary,Engineer,6,1921
942,Martin,Harrison,m.harrison@randatmail.com,Lower secondary,Interior Designer,18,9964
943,Myra,Richards,m.richards@randatmail.com,Master,Chemist,9,4316
944,Hailey,Cooper,h.cooper@randatmail.com,Master,Interpreter,16,4737
945,Audrey,Bennett,a.bennett@randatmail.com,Bachelor,Fine Artist,15,2742
946,Dominik,Wells,d.wells@randatmail.com,Primary,Physicist,11,4210
947,Amber,Tucker,a.tucker@randatmail.com,Primary,Chef,1,7800
948,Derek,Armstrong,d.armstrong@randatmail.com,Master,Architect,5,3010
949,Roman,Morrison,r.morrison@randatmail.com,Upper secondary,Agronomist,6,6377
950,Cherry,Taylor,c.taylor@randatmail.com,Master,Interpreter,4,4217
951,Emma,Turner,e.turner@randatmail.com,Master,Fashion Designer,6,3623
952,Oliver,Martin,o.martin@randatmail.com,Upper secondary,Police Officer,0,7740
953,Brad,Hill,b.hill@randatmail.com,Master,Mathematician,15,2523
954,Joyce,Payne,j.payne@randatmail.com,Master,Baker,5,4693
955,Wilson,Thompson,w.thompson@randatmail.com,Lower secondary,Singer,15,5499
956,David,Kelly,d.kelly@randatmail.com,Upper secondary,Lawer,14,2425
957,Mike,Spencer,m.spencer@randatmail.com,Primary,Composer,16,8573
958,Miley,Fowler,m.fowler@randatmail.com,Upper secondary,Florist,2,1407
959,Dominik,Owens,d.owens@randatmail.com,Upper secondary,Salesman,4,9915
960,Florrie,Carroll,f.carroll@randatmail.com,Lower secondary,Singer,14,8477
961,Charlie,Ryan,c.ryan@randatmail.com,Master,Economist,4,3264
962,John,Payne,j.payne@randatmail.com,Upper secondary,Firefighter,6,1022
963,Florrie,West,f.west@randatmail.com,Upper secondary,Economist,12,5176
964,Kevin,Fowler,k.fowler@randatmail.com,Upper secondary,Florist,0,6586
965,Heather,Morris,h.morris@randatmail.com,Lower secondary,Medic,5,4643
966,Rubie,Howard,r.howard@randatmail.com,Doctoral,Historian,8,5792
967,Cadie,Murray,c.murray@randatmail.com,Master,Police Officer,2,7497
968,Isabella,Hill,i.hill@randatmail.com,Bachelor,Firefighter,9,8436
969,Agata,Gibson,a.gibson@randatmail.com,Master,Cook,11,6829
970,Frederick,Russell,f.russell@randatmail.com,Primary,Singer,7,6329
971,Adrianna,Cole,a.cole@randatmail.com,Upper secondary,Salesman,16,8981
972,Stuart,Crawford,s.crawford@randatmail.com,Primary,Police Officer,13,1166
973,Edgar,Miller,e.miller@randatmail.com,Primary,Lawer,8,2108
974,Owen,Hawkins,o.hawkins@randatmail.com,Doctoral,Manager,4,3445
975,Olivia,Douglas,o.douglas@randatmail.com,Master,Fashion Designer,0,3842
976,Spike,Kelley,s.kelley@randatmail.com,Upper secondary,Florist,9,6051
977,April,Adams,a.adams@randatmail.com,Upper secondary,Historian,6,6662
978,Kelvin,Baker,k.baker@randatmail.com,Bachelor,Jeweller,16,7802
979,Derek,Brooks,d.brooks@randatmail.com,Primary,Engineer,18,4281
980,Maya,Hamilton,m.hamilton@randatmail.com,Primary,Lecturer,4,8813
981,Naomi,Barrett,n.barrett@randatmail.com,Lower secondary,Electrician,1,9775
982,Jared,Mason,j.mason@randatmail.com,Lower secondary,Veterinarian,15,4244
983,Amber,Gray,a.gray@randatmail.com,Lower secondary,Mathematician,10,2170
984,Vincent,Hill,v.hill@randatmail.com,Primary,Insurer,14,3714
985,Edgar,Williams,e.williams@randatmail.com,Primary,Mechanic,13,2593
986,Amanda,Anderson,a.anderson@randatmail.com,Master,Physicist,11,3397
987,James,Craig,j.craig@randatmail.com,Doctoral,Medic,0,7603
988,Adam,Wells,a.wells@randatmail.com,Doctoral,Physicist,19,3409
989,Gianna,Perry,g.perry@randatmail.com,Master,Dancer,12,9932
990,Lilianna,Elliott,l.elliott@randatmail.com,Primary,Composer,7,3536
991,Ashton,Riley,a.riley@randatmail.com,Doctoral,Veterinarian,17,6524
992,Alan,Harper,a.harper@randatmail.com,Master,Interpreter,17,3973
993,Anna,Craig,a.craig@randatmail.com,Bachelor,Physicist,17,947
994,Albert,Dixon,a.dixon@randatmail.com,Upper secondary,Geologist,3,8127
995,Antony,West,a.west@randatmail.com,Primary,Graphic Designer,4,8325
996,Rubie,Crawford,r.crawford@randatmail.com,Primary,Historian,6,2364
997,Sabrina,Hunt,s.hunt@randatmail.com,Doctoral,Agronomist,18,6159
998,Lily,Evans,l.evans@randatmail.com,Upper secondary,Electrician,11,3345
999,Alissa,Wilson,a.wilson@randatmail.com,Primary,Insurer,11,978
1000,Vivian,Henderson,v.henderson@randatmail.com,Bachelor,Teacher,18,1575
1001,Alina,Harrison,a.harrison@randatmail.com,Primary,Firefighter,22,3255
1002,Adelaide,Mason,a.mason@randatmail.com,Doctoral,Hairdresser,0,3446
1003,Catherine,West,c.west@randatmail.com,Master,Actor,2,6003
1004,Robert,Dixon,r.dixon@randatmail.com,Primary,Accountant,9,9081
1005,Myra,Parker,m.parker@randatmail.com,Lower secondary,Pharmacist,11,2949
1006,Grace,Perry,g.perry@randatmail.com,Doctoral,Florist,12,5656
1007,Anna,Bailey,a.bailey@randatmail.com,Primary,Programmer,14,8111
1008,Brooke,Bailey,b.bailey@randatmail.com,Upper secondary,Florist,20,6127
1009,Abigail,Warren,a.warren@randatmail.com,Doctoral,Historian,3,9583
1010,Annabella,Harper,a.harper@randatmail.com,Bachelor,Singer,2,6273
1011,Paul,Casey,p.casey@randatmail.com,Master,Hairdresser,20,9235
1012,Julian,Taylor,j.taylor@randatmail.com,Bachelor,Historian,5,2021
1013,Rubie,Elliott,r.elliott@randatmail.com,Bachelor,Manager,24,4040
1014,Gianna,Ellis,g.ellis@randatmail.com,Master,Insurer,26,6444
1015,Justin,Brooks,j.brooks@randatmail.com,Lower secondary,Pharmacist,23,8959
1016,Tiana,Hill,t.hill@randatmail.com,Upper secondary,Lecturer,12,5452
1017,Mike,Rogers,m.rogers@randatmail.com,Doctoral,Dancer,25,4226
1018,Dominik,Taylor,d.taylor@randatmail.com,Upper secondary,Interpreter,19,2391
1019,Nicholas,Martin,n.martin@randatmail.com,Bachelor,Hairdresser,6,8808
1020,Catherine,Watson,c.watson@randatmail.com,Lower secondary,Dancer,20,2565
1021,Catherine,Chapman,c.chapman@randatmail.com,Doctoral,Agronomist,1,6404
1022,Honey,Cole,h.cole@randatmail.com,Primary,Aeroplane Pilot,13,9162
1023,Edward,Bennett,e.bennett@randatmail.com,Lower secondary,Cook,12,9814
1024,Alexander,Harris,a.harris@randatmail.com,Master,Biochemist,29,1067
1025,Oscar,Taylor,o.taylor@randatmail.com,Lower secondary,Chemist,3,8330
1026,Elian,Harper,e.harper@randatmail.com,Doctoral,Electrician,18,1199
1027,Kirsten,Harrison,k.harrison@randatmail.com,Master,Photographer,5,6729
1028,Derek,Clark,d.clark@randatmail.com,Upper secondary,Biochemist,16,5377
1029,Amber,Perkins,a.perkins@randatmail.com,Bachelor,Teacher,10,943
1030,Oliver,Morgan,o.morgan@randatmail.com,Doctoral,Journalist,25,7307
1031,Myra,Lloyd,m.lloyd@randatmail.com,Lower secondary,Firefighter,26,1291
1032,Amber,Moore,a.moore@randatmail.com,Primary,Journalist,1,9772
1033,Lily,Holmes,l.holmes@randatmail.com,Lower secondary,Medic,5,880
1034,Tony,Warren,t.warren@randatmail.com,Bachelor,Auditor,11,5589
1035,Mary,Henderson,m.henderson@randatmail.com,Primary,Lawer,19,1761
1036,Ned,Watson,n.watson@randatmail.com,Bachelor,Chemist,9,7968
1037,Paige,Bailey,p.bailey@randatmail.com,Upper secondary,Mathematician,0,3136
1038,Freddie,Montgomery,f.montgomery@randatmail.com,Lower secondary,Cook,16,2152
1039,Carlos,Kelley,c.kelley@randatmail.com,Primary,Accountant,5,7041
1040,Rosie,Morris,r.morris@randatmail.com,Upper secondary,Geologist,17,2024
1041,Arthur,Reed,a.reed@randatmail.com,Doctoral,Mechanic,23,6986
1042,Owen,West,o.west@randatmail.com,Doctoral,Chef,1,2002
1043,Richard,Carter,r.carter@randatmail.com,Bachelor,Composer,19,3014
1044,Daniel,Johnston,d.johnston@randatmail.com,Primary,Pharmacist,4,3290
1045,Lilianna,Robinson,l.robinson@randatmail.com,Doctoral,Fashion Designer,21,5960
1046,Lilianna,Holmes,l.holmes@randatmail.com,Upper secondary,Engineer,25,8926
1047,Joyce,Russell,j.russell@randatmail.com,Upper secondary,Biochemist,0,1300
1048,Daisy,Hall,d.hall@randatmail.com,Doctoral,Medic,22,2113
1049,Alfred,Watson,a.watson@randatmail.com,Master,Composer,1,9086
1050,Miranda,Rogers,m.rogers@randatmail.com,Upper secondary,Producer,23,5757
1051,Kellan,Martin,k.martin@randatmail.com,Upper secondary,Interpreter,15,3261
1052,Aiden,Wright,a.wright@randatmail.com,Primary,Programmer,13,965
1053,Sabrina,Wilson,s.wilson@randatmail.com,Lower secondary,Carpenter,8,8783
1054,Jacob,Myers,j.myers@randatmail.com,Doctoral,Archeologist,20,5739
1055,April,Brown,a.brown@randatmail.com,Doctoral,Florist,23,6152
1056,Kristian,Taylor,k.taylor@randatmail.com,Primary,Electrician,17,2369
1057,Madaline,Carroll,m.carroll@randatmail.com,Doctoral,Dancer,2,8617
1058,Charlotte,Taylor,c.taylor@randatmail.com,Upper secondary,Architect,22,6335
1059,Charlotte,Hawkins,c.hawkins@randatmail.com,Master,Medic,7,5162
1060,Cherry,Harrison,c.harrison@randatmail.com,Bachelor,Astronomer,25,5629
1061,Frederick,Crawford,f.crawford@randatmail.com,Bachelor,Astronomer,17,1877
1062,Nicholas,Evans,n.evans@randatmail.com,Doctoral,Archeologist,11,7162
1063,Ned,Kelly,n.kelly@randatmail.com,Bachelor,Architect,23,600
1064,Sabrina,Montgomery,s.montgomery@randatmail.com,Bachelor,Singer,12,5985
1065,Mike,Ross,m.ross@randatmail.com,Master,Florist,20,6402
1066,Eddy,Myers,e.myers@randatmail.com,Upper secondary,Aeroplane Pilot,13,676
1067,Chester,Hill,c.hill@randatmail.com,Primary,Producer,10,5020
1068,Ashton,Harper,a.harper@randatmail.com,Upper secondary,Manager,2,2201
1069,Preston,Howard,p.howard@randatmail.com,Primary,Economist,0,5971
1070,Freddie,Howard,f.howard@randatmail.com,Upper secondary,Interior Designer,2,3384
1071,Ashton,Adams,a.adams@randatmail.com,Upper secondary,Firefighter,5,9422
1072,Briony,Wright,b.wright@randatmail.com,Upper secondary,Insurer,4,5048
1073,Daniel,Holmes,d.holmes@randatmail.com,Doctoral,Chef,0,2685
1074,Kelsey,Cooper,k.cooper@randatmail.com,Master,Producer,6,8201
1075,Anna,Ross,a.ross@randatmail.com,Primary,Engineer,18,5781
1076,Richard,Nelson,r.nelson@randatmail.com,Lower secondary,Journalist,0,6699
1077,Miley,Johnson,m.johnson@randatmail.com,Primary,Actor,11,6399
1078,Rubie,Moore,r.moore@randatmail.com,Upper secondary,Florist,12,5596
1079,Jessica,Nelson,j.nelson@randatmail.com,Bachelor,Botanist,16,1100
1080,Albert,Kelley,a.kelley@randatmail.com,Master,Scientist,6,1346
1081,Ellia,Farrell,e.farrell@randatmail.com,Master,Social Worker,10,1973
1082,Vincent,Johnson,v.johnson@randatmail.com,Master,Carpenter,24,6412
1083,Martin,Clark,m.clark@randatmail.com,Master,Cook,27,8082
1084,Nicholas,Andrews,n.andrews@randatmail.com,Primary,Producer,8,3322
1085,Lucy,Gray,l.gray@randatmail.com,Master,Electrician,4,7576
1086,Lyndon,Parker,l.parker@randatmail.com,Bachelor,Accountant,19,5085
1087,Blake,Gibson,b.gibson@randatmail.com,Primary,Aeroplane Pilot,18,1913
1088,Arnold,Edwards,a.edwards@randatmail.com,Lower secondary,Driver,20,2878
1089,Carl,Hamilton,c.hamilton@randatmail.com,Doctoral,Jeweller,8,7343
1090,Sofia,Anderson,s.anderson@randatmail.com,Lower secondary,Jeweller,28,853
1091,Martin,Murphy,m.murphy@randatmail.com,Master,Agronomist,26,4234
1092,Alissa,Parker,a.parker@randatmail.com,Bachelor,Carpenter,9,8224
1093,Lucas,Turner,l.turner@randatmail.com,Lower secondary,Singer,22,1423
1094,Carl,Andrews,c.andrews@randatmail.com,Upper secondary,Agronomist,8,1517
1095,Stella,Alexander,s.alexander@randatmail.com,Doctoral,Accountant,26,8322
1096,Luke,Robinson,l.robinson@randatmail.com,Master,Medic,29,9994
1097,Arnold,Ross,a.ross@randatmail.com,Upper secondary,Manager,22,8694
1098,Byron,Phillips,b.phillips@randatmail.com,Master,Producer,1,3533
1099,Adam,Ryan,a.ryan@randatmail.com,Doctoral,Driver,11,9909
1100,Adrian,Robinson,a.robinson@randatmail.com,Doctoral,Historian,13,7848
1101,Amy,Hill,a.hill@randatmail.com,Master,Meteorologist,26,5183
1102,Elise,Thomas,e.thomas@randatmail.com,Lower secondary,Geologist,16,2134
1103,April,Morrison,a.morrison@randatmail.com,Upper secondary,Interior Designer,10,6748
1104,Nicholas,Walker,n.walker@randatmail.com,Bachelor,Scientist,0,3692
1105,Alfred,Mitchell,a.mitchell@randatmail.com,Lower secondary,Economist,21,5574
1106,Kelsey,Grant,k.grant@randatmail.com,Doctoral,Engineer,4,755
1107,Frederick,Parker,f.parker@randatmail.com,Master,Meteorologist,18,9283
1108,Roland,Hill,r.hill@randatmail.com,Master,Lecturer,7,9304
1109,Chelsea,Adams,c.adams@randatmail.com,Master,Electrician,3,9314
1110,Ned,Casey,n.casey@randatmail.com,Bachelor,Electrician,11,5447
1111,Grace,Farrell,g.farrell@randatmail.com,Bachelor,Actor,8,5237
1112,Daryl,Howard,d.howard@randatmail.com,Lower secondary,Manager,5,8133
1113,Andrew,Taylor,a.taylor@randatmail.com,Lower secondary,Police Officer,4,5099
1114,Camila,Stevens,c.stevens@randatmail.com,Doctoral,Driver,20,7453
1115,Oscar,Sullivan,o.sullivan@randatmail.com,Primary,Insurer,18,8916
1116,Maya,Richards,m.richards@randatmail.com,Primary,Lecturer,16,3781
1117,Reid,Foster,r.foster@randatmail.com,Lower secondary,Architect,12,1455
1118,Dexter,Harris,d.harris@randatmail.com,Doctoral,Engineer,23,5049
1119,Isabella,Cole,i.cole@randatmail.com,Lower secondary,Singer,21,5126
1120,Dainton,Murray,d.murray@randatmail.com,Lower secondary,Fashion Designer,20,4250
1121,Rafael,Montgomery,r.montgomery@randatmail.com,Upper secondary,Architect,9,1147
1122,David,Miller,d.miller@randatmail.com,Lower secondary,Cook,24,1809
1123,Derek,Hall,d.hall@randatmail.com,Bachelor,Auditor,13,4253
1124,Steven,Cameron,s.cameron@randatmail.com,Master,Cook,9,6019
1125,Adrian,Carroll,a.carroll@randatmail.com,Doctoral,Geologist,4,3278
1126,Spike,Henderson,s.henderson@randatmail.com,Doctoral,Baker,25,6044
1127,Brad,Andrews,b.andrews@randatmail.com,Doctoral,Lawer,15,2083
1128,Stuart,Allen,s.allen@randatmail.com,Upper secondary,Firefighter,27,7211
1129,Adelaide,Parker,a.parker@randatmail.com,Bachelor,Astronomer,20,8842
1130,Paul,Murray,p.murray@randatmail.com,Lower secondary,Lawer,25,4514
1131,Nicole,Henderson,n.henderson@randatmail.com,Lower secondary,Fine Artist,18,6033
1132,Wilson,Gibson,w.gibson@randatmail.com,Upper secondary,Lawer,26,2498
1133,Maya,Martin,m.martin@randatmail.com,Upper secondary,Fine Artist,14,9634
1134,Patrick,Hunt,p.hunt@randatmail.com,Bachelor,Producer,25,1485
1135,Jessica,Baker,j.baker@randatmail.com,Master,Archeologist,16,4803
1136,Thomas,Campbell,t.campbell@randatmail.com,Master,Composer,6,5579
1137,Alisa,Harrison,a.harrison@randatmail.com,Upper secondary,Aeroplane Pilot,24,9914
1138,Fiona,Foster,f.foster@randatmail.com,Bachelor,Chemist,4,7216
1139,Owen,Edwards,o.edwards@randatmail.com,Master,Programmer,6,1008
1140,Maddie,Casey,m.casey@randatmail.com,Primary,Scientist,20,3824
1141,Alan,Murphy,a.murphy@randatmail.com,Upper secondary,Insurer,21,4218
1142,Alissa,Thomas,a.thomas@randatmail.com,Lower secondary,Chemist,1,3165
1143,Arthur,Martin,a.martin@randatmail.com,Upper secondary,Astronomer,19,2555
1144,Melissa,Farrell,m.farrell@randatmail.com,Upper secondary,Meteorologist,13,587
1145,Patrick,Casey,p.casey@randatmail.com,Lower secondary,Florist,23,4534
1146,Victor,Armstrong,v.armstrong@randatmail.com,Upper secondary,Driver,17,4534
1147,Miley,Miller,m.miller@randatmail.com,Bachelor,Fashion Designer,11,6815
1148,Natalie,Fowler,n.fowler@randatmail.com,Lower secondary,Aeroplane Pilot,19,5350
1149,Kate,Hill,k.hill@randatmail.com,Doctoral,Interpreter,5,8432
1150,Ada,Alexander,a.alexander@randatmail.com,Bachelor,Manager,5,5257
1151,Charlotte,Barnes,c.barnes@randatmail.com,Lower secondary,Meteorologist,11,3231
1152,Adele,Henderson,a.henderson@randatmail.com,Bachelor,Actor,2,6195
1153,Mary,Morgan,m.morgan@randatmail.com,Upper secondary,Journalist,9,9213
1154,Edward,Stewart,e.stewart@randatmail.com,Lower secondary,Actor,16,5375
1155,Sophia,Scott,s.scott@randatmail.com,Bachelor,Botanist,17,9563
1156,Adelaide,Cooper,a.cooper@randatmail.com,Bachelor,Botanist,8,3935
1157,Sofia,Cole,s.cole@randatmail.com,Master,Biochemist,2,2986
1158,Lana,Smith,l.smith@randatmail.com,Doctoral,Archeologist,21,1480
1159,Camila,Turner,c.turner@randatmail.com,Master,Journalist,0,3285
1160,Amanda,Walker,a.walker@randatmail.com,Primary,Singer,4,744
1161,Luke,Montgomery,l.montgomery@randatmail.com,Bachelor,Cook,16,5824
1162,Luke,Johnson,l.johnson@randatmail.com,Bachelor,Geologist,23,8973
1163,George,Parker,g.parker@randatmail.com,Lower secondary,Baker,15,2525
1164,Rubie,Martin,r.martin@randatmail.com,Upper secondary,Fine Artist,1,2286
1165,Rubie,Smith,r.smith@randatmail.com,Primary,Botanist,6,6559
1166,Deanna,Wells,d.wells@randatmail.com,Doctoral,Police Officer,27,6302
1167,Carlos,Morris,c.morris@randatmail.com,Primary,Salesman,23,2619
1168,Darcy,Thomas,d.thomas@randatmail.com,Bachelor,Composer,14,9350
1169,Savana,Henderson,s.henderson@randatmail.com,Doctoral,Engineer,1,5626
1170,Adam,Tucker,a.tucker@randatmail.com,Doctoral,Singer,5,8445
1171,Justin,Johnson,j.johnson@randatmail.com,Primary,Florist,2,7683
1172,Lucy,Wilson,l.wilson@randatmail.com,Master,Agronomist,1,5658
1173,Marcus,Walker,m.walker@randatmail.com,Bachelor,Producer,5,8803
1174,Daryl,Riley,d.riley@randatmail.com,Lower secondary,Driver,21,9575
1175,Dale,Morgan,d.morgan@randatmail.com,Lower secondary,Insurer,16,2153
1176,Alford,Reed,a.reed@randatmail.com,Bachelor,Economist,10,986
1177,Chloe,Williams,c.williams@randatmail.com,Upper secondary,Veterinarian,11,4390
1178,Valeria,Cooper,v.cooper@randatmail.com,Master,Dancer,3,3007
1179,Lucia,Perry,l.perry@randatmail.com,Lower secondary,Scientist,25,8888
1180,Sam,Montgomery,s.montgomery@randatmail.com,Primary,Lecturer,26,3465
1181,Lucas,Ellis,l.ellis@randatmail.com,Lower secondary,Carpenter,15,4676
1182,Valeria,Morgan,v.morgan@randatmail.com,Master,Meteorologist,27,3545
1183,Lenny,Miller,l.miller@randatmail.com,Doctoral,Journalist,1,5920
1184,Eric,Barnes,e.barnes@randatmail.com,Doctoral,Actor,13,6537
1185,Daniel,Spencer,d.spencer@randatmail.com,Bachelor,Geologist,27,5509
1186,Richard,Spencer,r.spencer@randatmail.com,Master,Veterinarian,5,8449
1187,Antony,Brooks,a.brooks@randatmail.com,Upper secondary,Fine Artist,22,4093
1188,Alexia,Brooks,a.brooks@randatmail.com,Master,Biochemist,27,3822
1189,Wilson,Craig,w.craig@randatmail.com,Upper secondary,Jeweller,23,9570
1190,Tyler,Hill,t.hill@randatmail.com,Bachelor,Producer,14,6462
1191,Jack,Allen,j.allen@randatmail.com,Doctoral,Graphic Designer,1,4266
1192,Vanessa,Perkins,v.perkins@randatmail.com,Upper secondary,Journalist,22,2847
1193,Owen,Miller,o.miller@randatmail.com,Primary,Fashion Designer,20,1192
1194,Kirsten,Ferguson,k.ferguson@randatmail.com,Master,Singer,9,6215
1195,Nicholas,Clark,n.clark@randatmail.com,Doctoral,Insurer,10,2859
1196,Alberta,Grant,a.grant@randatmail.com,Upper secondary,Baker,11,1606
1197,Roman,Anderson,r.anderson@randatmail.com,Lower secondary,Meteorologist,11,5968
1198,Edwin,Watson,e.watson@randatmail.com,Primary,Florist,17,3102
1199,Max,Gray,m.gray@randatmail.com,Doctoral,Accountant,6,1490
1200,Connie,Nelson,c.nelson@randatmail.com,Upper secondary,Baker,7,3184